Code,UIS_Source_Code,ISO_Code,Source,UIS_Target_Code,ISO_Code,Target,Total
36040,360,AUS,Australia,40,AFG,Afghanistan,"4,057,131 "
360500,360,AUS,Australia,500,BGD,Bangladesh,"61,074,144 "
360640,360,AUS,Australia,640,BTN,Bhutan,"136,103 "
3604060,360,AUS,Australia,4060,KHM,Cambodia,"7,397 "
3601840,360,AUS,Australia,1840,COK,Cook Islands,"9,597 "
3602420,360,AUS,Australia,2420,FJI,Fiji,"3,416,974 "
3603560,360,AUS,Australia,3560,IND,India,"7,958 "
3603600,360,AUS,Australia,3600,IDN,Indonesia,"45,539,090 "
3603680,360,AUS,Australia,3680,IRQ,Iraq,"646,990 "
3602960,360,AUS,Australia,2960,KIR,Kiribati,"6,889,470 "
3604180,360,AUS,Australia,4180,LAO,Lao People's Democratic Republic,"10,220,128 "
3604620,360,AUS,Australia,4620,MDV,Maldives,"158,036 "
3605840,360,AUS,Australia,5840,MHL,Marshall Islands,"9,597 "
3604845,360,AUS,Australia,4845,FSM,Micronesia,"19,836 "
3604960,360,AUS,Australia,4960,MNG,Mongolia,"499,949 "
3601040,360,AUS,Australia,1040,MMR,Myanmar,"12,073,058 "
3605200,360,AUS,Australia,5200,NRU,Nauru,"157,711 "
3605240,360,AUS,Australia,5240,NPL,Nepal,"6,056,854 "
3605700,360,AUS,Australia,5700,NIU,Niue,"1,737,858 "
3605860,360,AUS,Australia,5860,PAK,Pakistan,"10,117,044 "
360955,360,AUS,Australia,955,PLW,Palau,"78,992 "
3605980,360,AUS,Australia,5980,PNG,Papua New Guinea,"33,235,066 "
3606080,360,AUS,Australia,6080,PHL,Philippines,"34,867,355 "
3608820,360,AUS,Australia,8820,WSM,Samoa,"2,402,039 "
360900,360,AUS,Australia,900,SLB,Solomon Islands,"1,858,106 "
3607340,360,AUS,Australia,7340,LKA,Sri Lanka,"4,557,799 "
3606260,360,AUS,Australia,6260,TLS,Timor-Leste,"2,499,322 "
3607760,360,AUS,Australia,7760,TON,Tonga,"2,892,163 "
3607780,360,AUS,Australia,7780,TUV,Tuvalu,"839,432 "
3605480,360,AUS,Australia,5480,VUT,Vanuatu,"4,524,106 "
3608680,360,AUS,Australia,8680,VNM,Viet Nam,"111,128 "
40040,400,AUT,Austria,40,AFG,Afghanistan,579 
40080,400,AUT,Austria,80,ALB,Albania,"232,321 "
400120,400,AUT,Austria,120,DZA,Algeria,919 
400320,400,AUT,Austria,320,ARG,Argentina,"1,774 "
400340,400,AUT,Austria,340,ARM,Armenia,"6,249 "
400380,400,AUT,Austria,380,AZE,Azerbaijan,"1,427 "
400500,400,AUT,Austria,500,BGD,Bangladesh,"24,206 "
4008050,400,AUT,Austria,8050,BLR,Belarus,"2,482 "
4002040,400,AUT,Austria,2040,BEN,Benin,"1,176 "
400680,400,AUT,Austria,680,BOL,Bolivia,122 
400570,400,AUT,Austria,570,BIH,Bosnia and Herzegovina,"135,965 "
400760,400,AUT,Austria,760,BRA,Brazil,"24,381 "
4008540,400,AUT,Austria,8540,BFA,Burkina Faso,"23,710 "
4001080,400,AUT,Austria,1080,BDI,Burundi,"12,854 "
4001320,400,AUT,Austria,1320,CPV,Cabo Verde,206 
4004060,400,AUT,Austria,4060,KHM,Cambodia,"6,316 "
4001200,400,AUT,Austria,1200,CMR,Cameroon,"1,976 "
4001520,400,AUT,Austria,1520,CHL,Chile,318 
4001560,400,AUT,Austria,1560,CHN,China,"4,447 "
4001700,400,AUT,Austria,1700,COL,Colombia,"7,872 "
4001780,400,AUT,Austria,1780,COG,Congo,"4,905 "
4003840,400,AUT,Austria,3840,CIV,Côte d'Ivoire,"2,371 "
4001920,400,AUT,Austria,1920,CUB,Cuba,"5,595 "
4008920,400,AUT,Austria,8920,COD,Democratic Republic of the Congo,"4,893 "
4002200,400,AUT,Austria,2200,EGY,Egypt,"2,371 "
4002300,400,AUT,Austria,2300,ETH,Ethiopia,"82,755 "
4002700,400,AUT,Austria,2700,GMB,Gambia,"4,979 "
4002720,400,AUT,Austria,2720,GEO,Georgia,"5,593 "
4002880,400,AUT,Austria,2880,GHA,Ghana,"18,794 "
4003200,400,AUT,Austria,3200,GTM,Guatemala,"50,418 "
4003240,400,AUT,Austria,3240,GIN,Guinea,"7,198 "
4003560,400,AUT,Austria,3560,IND,India,"46,249 "
4003680,400,AUT,Austria,3680,IRQ,Iraq,"16,384 "
4004020,400,AUT,Austria,4020,KAZ,Kazakhstan,"6,357 "
4004040,400,AUT,Austria,4040,KEN,Kenya,"59,937 "
4004160,400,AUT,Austria,4160,KGZ,Kyrgyzstan,"3,101 "
4004500,400,AUT,Austria,4500,MDG,Madagascar,"2,352 "
4004840,400,AUT,Austria,4840,MEX,Mexico,"33,094 "
4004960,400,AUT,Austria,4960,MNG,Mongolia,"14,528 "
4004990,400,AUT,Austria,4990,MNE,Montenegro,"96,243 "
4005040,400,AUT,Austria,5040,MAR,Morocco,"1,176 "
4005080,400,AUT,Austria,5080,MOZ,Mozambique,"338,508 "
4005160,400,AUT,Austria,5160,NAM,Namibia,598 
4005240,400,AUT,Austria,5240,NPL,Nepal,365 
4005580,400,AUT,Austria,5580,NIC,Nicaragua,"215,733 "
4005620,400,AUT,Austria,5620,NER,Niger,"2,250 "
4005660,400,AUT,Austria,5660,NGA,Nigeria,"22,896 "
4005860,400,AUT,Austria,5860,PAK,Pakistan,664 
4005980,400,AUT,Austria,5980,PNG,Papua New Guinea,"60,535 "
4006040,400,AUT,Austria,6040,PER,Peru,"2,879 "
4006220,400,AUT,Austria,6220,MDA,Republic of Moldova,"123,832 "
4006860,400,AUT,Austria,6860,SEN,Senegal,"7,877 "
4006880,400,AUT,Austria,6880,SRB,Serbia,"88,883 "
4006940,400,AUT,Austria,6940,SLE,Sierra Leone,122 
4007100,400,AUT,Austria,7100,ZAF,South Africa,"53,581 "
4007280,400,AUT,Austria,7280,SSD,South Sudan,"1,328 "
4007340,400,AUT,Austria,7340,LKA,Sri Lanka,"4,979 "
4007610,400,AUT,Austria,7610,TJK,Tajikistan,"2,371 "
4007640,400,AUT,Austria,7640,THA,Thailand,598 
4004480,400,AUT,Austria,4480,MKD,The former Yugoslav Republic of Macedonia,"92,190 "
4007680,400,AUT,Austria,7680,TGO,Togo,"2,722 "
4007880,400,AUT,Austria,7880,TUN,Tunisia,598 
4007920,400,AUT,Austria,7920,TUR,Turkey,"1,674 "
4008000,400,AUT,Austria,8000,UGA,Uganda,"66,188 "
4008070,400,AUT,Austria,8070,UKR,Ukraine,"101,551 "
4007620,400,AUT,Austria,7620,TZA,United Republic of Tanzania,"85,094 "
4008600,400,AUT,Austria,8600,UZB,Uzbekistan,"3,161 "
4008680,400,AUT,Austria,8680,VNM,Viet Nam,"4,807 "
4008940,400,AUT,Austria,8940,ZMB,Zambia,"2,089 "
4007160,400,AUT,Austria,7160,ZWE,Zimbabwe,"21,229 "
56040,560,BEL,Belgium,40,AFG,Afghanistan,"320,213 "
560500,560,BEL,Belgium,500,BGD,Bangladesh,"6,640 "
5602040,560,BEL,Belgium,2040,BEN,Benin,"23,512 "
560680,560,BEL,Belgium,680,BOL,Bolivia,"311,907 "
5608540,560,BEL,Belgium,8540,BFA,Burkina Faso,"93,325 "
5601080,560,BEL,Belgium,1080,BDI,Burundi,"1,604,109 "
5604060,560,BEL,Belgium,4060,KHM,Cambodia,"774,386 "
5601200,560,BEL,Belgium,1200,CMR,Cameroon,"31,136 "
5601400,560,BEL,Belgium,1400,CAF,Central African Republic,"1,617 "
5601700,560,BEL,Belgium,1700,COL,Colombia,"358,974 "
5608920,560,BEL,Belgium,8920,COD,Democratic Republic of the Congo,"1,831,965 "
5602300,560,BEL,Belgium,2300,ETH,Ethiopia,"47,389 "
5602700,560,BEL,Belgium,2700,GMB,Gambia,"5,579 "
5602880,560,BEL,Belgium,2880,GHA,Ghana,354 
5603200,560,BEL,Belgium,3200,GTM,Guatemala,"11,353 "
5603240,560,BEL,Belgium,3240,GIN,Guinea,"2,197 "
5603320,560,BEL,Belgium,3320,HTI,Haiti,"12,251 "
5603560,560,BEL,Belgium,3560,IND,India,"40,189 "
5603600,560,BEL,Belgium,3600,IDN,Indonesia,"15,807 "
5604040,560,BEL,Belgium,4040,KEN,Kenya,"269,952 "
5604180,560,BEL,Belgium,4180,LAO,Lao People's Democratic Republic,"5,226 "
5604220,560,BEL,Belgium,4220,LBN,Lebanon,996 
5604300,560,BEL,Belgium,4300,LBR,Liberia,"3,588 "
5604540,560,BEL,Belgium,4540,MWI,Malawi,"12,432 "
5604660,560,BEL,Belgium,4660,MLI,Mali,"25,261 "
5605040,560,BEL,Belgium,5040,MAR,Morocco,"1,044 "
5605080,560,BEL,Belgium,5080,MOZ,Mozambique,"719,637 "
5601040,560,BEL,Belgium,1040,MMR,Myanmar,"19,280 "
5605240,560,BEL,Belgium,5240,NPL,Nepal,"16,214 "
5605580,560,BEL,Belgium,5580,NIC,Nicaragua,"8,150 "
5605620,560,BEL,Belgium,5620,NER,Niger,"19,347 "
5605660,560,BEL,Belgium,5660,NGA,Nigeria,"5,723 "
5605860,560,BEL,Belgium,5860,PAK,Pakistan,"3,213 "
5606040,560,BEL,Belgium,6040,PER,Peru,"21,118 "
5606080,560,BEL,Belgium,6080,PHL,Philippines,"22,202 "
5606220,560,BEL,Belgium,6220,MDA,Republic of Moldova,"5,022 "
5606460,560,BEL,Belgium,6460,RWA,Rwanda,"2,604,425 "
5606860,560,BEL,Belgium,6860,SEN,Senegal,"19,411 "
5607100,560,BEL,Belgium,7100,ZAF,South Africa,"511,109 "
5607400,560,BEL,Belgium,7400,SUR,Suriname,"23,849 "
5607680,560,BEL,Belgium,7680,TGO,Togo,"8,245 "
5608000,560,BEL,Belgium,8000,UGA,Uganda,"846,835 "
5607620,560,BEL,Belgium,7620,TZA,United Republic of Tanzania,"7,737 "
5608680,560,BEL,Belgium,8680,VNM,Viet Nam,"2,926,643 "
124040,1240,CAN,Canada,40,AFG,Afghanistan,"16,542,221 "
1240120,1240,CAN,Canada,120,DZA,Algeria,"12,134 "
1240280,1240,CAN,Canada,280,ATG,Antigua and Barbuda,"16,577 "
1240320,1240,CAN,Canada,320,ARG,Argentina,"30,449 "
1240500,1240,CAN,Canada,500,BGD,Bangladesh,"6,657,622 "
1240580,1240,CAN,Canada,580,BLZ,Belize,"48,415 "
12402040,1240,CAN,Canada,2040,BEN,Benin,"613,867 "
1240640,1240,CAN,Canada,640,BTN,Bhutan,"13,166 "
1240680,1240,CAN,Canada,680,BOL,Bolivia,"1,208,263 "
1240720,1240,CAN,Canada,720,BWA,Botswana,"64,398 "
1240760,1240,CAN,Canada,760,BRA,Brazil,"52,911 "
12408540,1240,CAN,Canada,8540,BFA,Burkina Faso,"9,038,092 "
12404060,1240,CAN,Canada,4060,KHM,Cambodia,"80,352 "
12401200,1240,CAN,Canada,1200,CMR,Cameroon,"127,049 "
12401520,1240,CAN,Canada,1520,CHL,Chile,"154,342 "
12401560,1240,CAN,Canada,1560,CHN,China,"28,747 "
12401700,1240,CAN,Canada,1700,COL,Colombia,"4,402,037 "
12401880,1240,CAN,Canada,1880,CRI,Costa Rica,"41,967 "
12403840,1240,CAN,Canada,3840,CIV,Côte d'Ivoire,"110,951 "
12401920,1240,CAN,Canada,1920,CUB,Cuba,"62,489 "
12408920,1240,CAN,Canada,8920,COD,Democratic Republic of the Congo,"591,159 "
12402120,1240,CAN,Canada,2120,DMA,Dominica,"2,084 "
12402140,1240,CAN,Canada,2140,DOM,Dominican Republic,"51,593 "
12402180,1240,CAN,Canada,2180,ECU,Ecuador,"19,608 "
12402200,1240,CAN,Canada,2200,EGY,Egypt,"386,388 "
12402220,1240,CAN,Canada,2220,SLV,El Salvador,"165,604 "
12402300,1240,CAN,Canada,2300,ETH,Ethiopia,"2,515,707 "
12402720,1240,CAN,Canada,2720,GEO,Georgia,"10,266 "
12402880,1240,CAN,Canada,2880,GHA,Ghana,"3,305,048 "
12403080,1240,CAN,Canada,3080,GRD,Grenada,"30,522 "
12403200,1240,CAN,Canada,3200,GTM,Guatemala,"207,162 "
12403240,1240,CAN,Canada,3240,GIN,Guinea,"68,791 "
12403280,1240,CAN,Canada,3280,GUY,Guyana,"109,545 "
12403320,1240,CAN,Canada,3320,HTI,Haiti,"8,387,429 "
12403400,1240,CAN,Canada,3400,HND,Honduras,"645,513 "
12403560,1240,CAN,Canada,3560,IND,India,"837,507 "
12403600,1240,CAN,Canada,3600,IDN,Indonesia,"284,340 "
12403880,1240,CAN,Canada,3880,JAM,Jamaica,"154,487 "
12404000,1240,CAN,Canada,4000,JOR,Jordan,"3,054,946 "
12404040,1240,CAN,Canada,4040,KEN,Kenya,"6,487,248 "
12404160,1240,CAN,Canada,4160,KGZ,Kyrgyzstan,"152,623 "
12404180,1240,CAN,Canada,4180,LAO,Lao People's Democratic Republic,"27,358 "
12404260,1240,CAN,Canada,4260,LSO,Lesotho,"17,707 "
12404300,1240,CAN,Canada,4300,LBR,Liberia,"287,549 "
12404340,1240,CAN,Canada,4340,LBY,Libya,"7,222 "
12404500,1240,CAN,Canada,4500,MDG,Madagascar,"24,633 "
12404540,1240,CAN,Canada,4540,MWI,Malawi,"1,331,017 "
12404660,1240,CAN,Canada,4660,MLI,Mali,"4,684,162 "
12404780,1240,CAN,Canada,4780,MRT,Mauritania,"9,590 "
12404840,1240,CAN,Canada,4840,MEX,Mexico,"53,205 "
12404960,1240,CAN,Canada,4960,MNG,Mongolia,"52,739 "
12405040,1240,CAN,Canada,5040,MAR,Morocco,"1,456,313 "
12405080,1240,CAN,Canada,5080,MOZ,Mozambique,"16,443,227 "
12405160,1240,CAN,Canada,5160,NAM,Namibia,"5,320 "
12405240,1240,CAN,Canada,5240,NPL,Nepal,"81,580 "
12405580,1240,CAN,Canada,5580,NIC,Nicaragua,"537,657 "
12405620,1240,CAN,Canada,5620,NER,Niger,"92,714 "
12405660,1240,CAN,Canada,5660,NGA,Nigeria,"112,631 "
12405860,1240,CAN,Canada,5860,PAK,Pakistan,"5,177,934 "
12405900,1240,CAN,Canada,5900,PAN,Panama,"24,267 "
12405980,1240,CAN,Canada,5980,PNG,Papua New Guinea,"18,795 "
12406040,1240,CAN,Canada,6040,PER,Peru,"3,467,176 "
12406080,1240,CAN,Canada,6080,PHL,Philippines,"87,784 "
12406460,1240,CAN,Canada,6460,RWA,Rwanda,"790,775 "
12406700,1240,CAN,Canada,6700,VCT,Saint Vincent and the Grenadines,"15,021 "
12406860,1240,CAN,Canada,6860,SEN,Senegal,"22,650,173 "
12406880,1240,CAN,Canada,6880,SRB,Serbia,"15,931 "
12406940,1240,CAN,Canada,6940,SLE,Sierra Leone,"291,649 "
1240900,1240,CAN,Canada,900,SLB,Solomon Islands,"11,952 "
12407060,1240,CAN,Canada,7060,SOM,Somalia,"24,321 "
12407100,1240,CAN,Canada,7100,ZAF,South Africa,"106,059 "
12407280,1240,CAN,Canada,7280,SSD,South Sudan,"1,225,841 "
12407340,1240,CAN,Canada,7340,LKA,Sri Lanka,"135,236 "
12407290,1240,CAN,Canada,7290,SDN,Sudan,"520,815 "
12407400,1240,CAN,Canada,7400,SUR,Suriname,"13,937 "
12407600,1240,CAN,Canada,7600,SYR,Syrian Arab Republic,"27,990 "
12407610,1240,CAN,Canada,7610,TJK,Tajikistan,"244,191 "
12407640,1240,CAN,Canada,7640,THA,Thailand,"62,583 "
12407880,1240,CAN,Canada,7880,TUN,Tunisia,"16,014 "
12407920,1240,CAN,Canada,7920,TUR,Turkey,"10,646 "
12408000,1240,CAN,Canada,8000,UGA,Uganda,"305,141 "
12408070,1240,CAN,Canada,8070,UKR,Ukraine,"454,335 "
12407620,1240,CAN,Canada,7620,TZA,United Republic of Tanzania,"17,032,617 "
12408580,1240,CAN,Canada,8580,URY,Uruguay,"23,374 "
12408620,1240,CAN,Canada,8620,VEN,Venezuela,"6,843 "
12408680,1240,CAN,Canada,8680,VNM,Viet Nam,"266,694 "
12408850,1240,CAN,Canada,8850,YEM,Yemen,"34,132 "
12408940,1240,CAN,Canada,8940,ZMB,Zambia,"76,541 "
12407160,1240,CAN,Canada,7160,ZWE,Zimbabwe,"9,600 "
202040,2020,CZE,Czech Republic,40,AFG,Afghanistan,"113,018 "
2020120,2020,CZE,Czech Republic,120,DZA,Algeria,"7,783 "
2020240,2020,CZE,Czech Republic,240,AGO,Angola,"129,764 "
2020340,2020,CZE,Czech Republic,340,ARM,Armenia,"2,444 "
2020380,2020,CZE,Czech Republic,380,AZE,Azerbaijan,"1,917 "
20208050,2020,CZE,Czech Republic,8050,BLR,Belarus,"1,731 "
2020570,2020,CZE,Czech Republic,570,BIH,Bosnia and Herzegovina,"13,924 "
20204060,2020,CZE,Czech Republic,4060,KHM,Cambodia,"17,895 "
20201520,2020,CZE,Czech Republic,1520,CHL,Chile,"1,868 "
20202200,2020,CZE,Czech Republic,2200,EGY,Egypt,"4,841 "
20202300,2020,CZE,Czech Republic,2300,ETH,Ethiopia,"109,451 "
20202720,2020,CZE,Czech Republic,2720,GEO,Georgia,"29,286 "
20203240,2020,CZE,Czech Republic,3240,GIN,Guinea,"5,085 "
20203320,2020,CZE,Czech Republic,3320,HTI,Haiti,"6,388 "
20203880,2020,CZE,Czech Republic,3880,JAM,Jamaica,"4,782 "
20204040,2020,CZE,Czech Republic,4040,KEN,Kenya,"2,549 "
20204960,2020,CZE,Czech Republic,4960,MNG,Mongolia,"16,324 "
20204990,2020,CZE,Czech Republic,4990,MNE,Montenegro,"2,224 "
20201040,2020,CZE,Czech Republic,1040,MMR,Myanmar,"3,839 "
20205620,2020,CZE,Czech Republic,5620,NER,Niger,"4,706 "
20205660,2020,CZE,Czech Republic,5660,NGA,Nigeria,"7,176 "
20205860,2020,CZE,Czech Republic,5860,PAK,Pakistan,"14,641 "
20206000,2020,CZE,Czech Republic,6000,PRY,Paraguay,"5,118 "
20206220,2020,CZE,Czech Republic,6220,MDA,Republic of Moldova,"314,754 "
20206860,2020,CZE,Czech Republic,6860,SEN,Senegal,"1,291 "
20206880,2020,CZE,Czech Republic,6880,SRB,Serbia,"25,359 "
20207100,2020,CZE,Czech Republic,7100,ZAF,South Africa,618 
20207280,2020,CZE,Czech Republic,7280,SSD,South Sudan,"1,278 "
20204480,2020,CZE,Czech Republic,4480,MKD,The former Yugoslav Republic of Macedonia,"1,664 "
20207920,2020,CZE,Czech Republic,7920,TUR,Turkey,"3,104 "
20207780,2020,CZE,Czech Republic,7780,TUV,Tuvalu,"2,044 "
20208070,2020,CZE,Czech Republic,8070,UKR,Ukraine,"17,807 "
20208680,2020,CZE,Czech Republic,8680,VNM,Viet Nam,"4,294 "
20208940,2020,CZE,Czech Republic,8940,ZMB,Zambia,"7,355 "
20207160,2020,CZE,Czech Republic,7160,ZWE,Zimbabwe,"4,317 "
208040,2080,DNK,Denmark,40,AFG,Afghanistan,"12,639,064 "
2080240,2080,DNK,Denmark,240,AGO,Angola,"5,613 "
2080340,2080,DNK,Denmark,340,ARM,Armenia,"56,132 "
2080500,2080,DNK,Denmark,500,BGD,Bangladesh,"14,595 "
20802040,2080,DNK,Denmark,2040,BEN,Benin,"5,604,212 "
2080640,2080,DNK,Denmark,640,BTN,Bhutan,"18,740 "
2080680,2080,DNK,Denmark,680,BOL,Bolivia,"2,924,116 "
20808540,2080,DNK,Denmark,8540,BFA,Burkina Faso,"4,249,181 "
20801560,2080,DNK,Denmark,1560,CHN,China,"352,708 "
20802880,2080,DNK,Denmark,2880,GHA,Ghana,"2,762,297 "
20803200,2080,DNK,Denmark,3200,GTM,Guatemala,"335,239 "
20803400,2080,DNK,Denmark,3400,HND,Honduras,"13,904 "
20803640,2080,DNK,Denmark,3640,IRN,Iran (Islamic Republic of),"11,216 "
20804000,2080,DNK,Denmark,4000,JOR,Jordan,"58,210 "
20804040,2080,DNK,Denmark,4040,KEN,Kenya,"106,479 "
20804300,2080,DNK,Denmark,4300,LBR,Liberia,"754,331 "
20804540,2080,DNK,Denmark,4540,MWI,Malawi,"215,893 "
20804660,2080,DNK,Denmark,4660,MLI,Mali,"6,705 "
20805080,2080,DNK,Denmark,5080,MOZ,Mozambique,"2,055,720 "
20801040,2080,DNK,Denmark,1040,MMR,Myanmar,"2,290,583 "
20805240,2080,DNK,Denmark,5240,NPL,Nepal,"5,713,748 "
20805580,2080,DNK,Denmark,5580,NIC,Nicaragua,"785,147 "
20805860,2080,DNK,Denmark,5860,PAK,Pakistan,"2,421,372 "
20806940,2080,DNK,Denmark,6940,SLE,Sierra Leone,"601,090 "
20807060,2080,DNK,Denmark,7060,SOM,Somalia,"1,214,363 "
20807100,2080,DNK,Denmark,7100,ZAF,South Africa,"141,712 "
20807280,2080,DNK,Denmark,7280,SSD,South Sudan,"605,106 "
20807600,2080,DNK,Denmark,7600,SYR,Syrian Arab Republic,"126,471 "
20807640,2080,DNK,Denmark,7640,THA,Thailand,"17,303 "
20807880,2080,DNK,Denmark,7880,TUN,Tunisia,"252,686 "
20808000,2080,DNK,Denmark,8000,UGA,Uganda,"72,972 "
20807620,2080,DNK,Denmark,7620,TZA,United Republic of Tanzania,"2,120,629 "
20808680,2080,DNK,Denmark,8680,VNM,Viet Nam,"432,921 "
20808940,2080,DNK,Denmark,8940,ZMB,Zambia,"505,119 "
22808050,2280,EST,Estonia,8050,BLR,Belarus,"1,992 "
22806220,2280,EST,Estonia,6220,MDA,Republic of Moldova,"23,234 "
22808070,2280,EST,Estonia,8070,UKR,Ukraine,"16,928 "
22808850,2280,EST,Estonia,8850,YEM,Yemen,"9,958 "
246040,2460,FIN,Finland,40,AFG,Afghanistan,"39,522 "
2460240,2460,FIN,Finland,240,AGO,Angola,"312,813 "
2460320,2460,FIN,Finland,320,ARG,Argentina,"24,564 "
2460500,2460,FIN,Finland,500,BGD,Bangladesh,"196,054 "
24608050,2460,FIN,Finland,8050,BLR,Belarus,"9,191 "
24602040,2460,FIN,Finland,2040,BEN,Benin,"49,800 "
2460680,2460,FIN,Finland,680,BOL,Bolivia,"706,897 "
2460720,2460,FIN,Finland,720,BWA,Botswana,"6,572 "
2460760,2460,FIN,Finland,760,BRA,Brazil,"41,103 "
24601080,2460,FIN,Finland,1080,BDI,Burundi,"7,070 "
24604060,2460,FIN,Finland,4060,KHM,Cambodia,"239,698 "
24601520,2460,FIN,Finland,1520,CHL,Chile,"80,236 "
24601780,2460,FIN,Finland,1780,COG,Congo,"5,569 "
24608920,2460,FIN,Finland,8920,COD,Democratic Republic of the Congo,"118,583 "
24602180,2460,FIN,Finland,2180,ECU,Ecuador,"51,993 "
24602200,2460,FIN,Finland,2200,EGY,Egypt,"55,292 "
24602220,2460,FIN,Finland,2220,SLV,El Salvador,"5,796 "
24602300,2460,FIN,Finland,2300,ETH,Ethiopia,"3,913,044 "
24602660,2460,FIN,Finland,2660,GAB,Gabon,"11,087 "
24602700,2460,FIN,Finland,2700,GMB,Gambia,"23,448 "
24603200,2460,FIN,Finland,3200,GTM,Guatemala,"101,352 "
24603320,2460,FIN,Finland,3320,HTI,Haiti,"889,366 "
24603560,2460,FIN,Finland,3560,IND,India,"196,966 "
24603600,2460,FIN,Finland,3600,IDN,Indonesia,"192,329 "
24603680,2460,FIN,Finland,3680,IRQ,Iraq,"41,525 "
24603880,2460,FIN,Finland,3880,JAM,Jamaica,"2,490 "
24604020,2460,FIN,Finland,4020,KAZ,Kazakhstan,"13,609 "
24604040,2460,FIN,Finland,4040,KEN,Kenya,"282,230 "
24604160,2460,FIN,Finland,4160,KGZ,Kyrgyzstan,"38,493 "
24604180,2460,FIN,Finland,4180,LAO,Lao People's Democratic Republic,"367,576 "
24604220,2460,FIN,Finland,4220,LBN,Lebanon,"43,149 "
24604300,2460,FIN,Finland,4300,LBR,Liberia,"333,795 "
24604500,2460,FIN,Finland,4500,MDG,Madagascar,"199,155 "
24604540,2460,FIN,Finland,4540,MWI,Malawi,"233,402 "
24604580,2460,FIN,Finland,4580,MYS,Malaysia,"115,039 "
24604840,2460,FIN,Finland,4840,MEX,Mexico,"57,626 "
24604960,2460,FIN,Finland,4960,MNG,Mongolia,"25,476 "
24605040,2460,FIN,Finland,5040,MAR,Morocco,"13,225 "
24605080,2460,FIN,Finland,5080,MOZ,Mozambique,"6,136,334 "
24605160,2460,FIN,Finland,5160,NAM,Namibia,"226,133 "
24605240,2460,FIN,Finland,5240,NPL,Nepal,"1,752,232 "
24605860,2460,FIN,Finland,5860,PAK,Pakistan,"1,743 "
2460955,2460,FIN,Finland,955,PLW,Palau,"6,995 "
24606040,2460,FIN,Finland,6040,PER,Peru,"442,872 "
24606220,2460,FIN,Finland,6220,MDA,Republic of Moldova,"29,263 "
24606620,2460,FIN,Finland,6620,LCA,Saint Lucia,"8,283 "
24606860,2460,FIN,Finland,6860,SEN,Senegal,"136,680 "
24606880,2460,FIN,Finland,6880,SRB,Serbia,"26,439 "
24606940,2460,FIN,Finland,6940,SLE,Sierra Leone,"653,026 "
24607060,2460,FIN,Finland,7060,SOM,Somalia,"140,477 "
24607100,2460,FIN,Finland,7100,ZAF,South Africa,"166,238 "
24607340,2460,FIN,Finland,7340,LKA,Sri Lanka,"38,795 "
24607290,2460,FIN,Finland,7290,SDN,Sudan,"51,955 "
24607480,2460,FIN,Finland,7480,SWZ,Swaziland,"194,594 "
24606260,2460,FIN,Finland,6260,TLS,Timor-Leste,"329,607 "
24607920,2460,FIN,Finland,7920,TUR,Turkey,"4,949 "
24608000,2460,FIN,Finland,8000,UGA,Uganda,"1,373,103 "
24608070,2460,FIN,Finland,8070,UKR,Ukraine,"49,188 "
24607620,2460,FIN,Finland,7620,TZA,United Republic of Tanzania,"2,205,008 "
24608580,2460,FIN,Finland,8580,URY,Uruguay,"20,693 "
24608620,2460,FIN,Finland,8620,VEN,Venezuela,"1,253 "
24608680,2460,FIN,Finland,8680,VNM,Viet Nam,"82,436 "
24608850,2460,FIN,Finland,8850,YEM,Yemen,"8,272 "
24608940,2460,FIN,Finland,8940,ZMB,Zambia,"425,614 "
24607160,2460,FIN,Finland,7160,ZWE,Zimbabwe,"119,635 "
250040,2500,FRA,France,40,AFG,Afghanistan,"2,349,570 "
250080,2500,FRA,France,80,ALB,Albania,"59,023 "
2500120,2500,FRA,France,120,DZA,Algeria,"1,565,293 "
2500240,2500,FRA,France,240,AGO,Angola,"804,955 "
2500320,2500,FRA,France,320,ARG,Argentina,"1,334,586 "
2500340,2500,FRA,France,340,ARM,Armenia,"276,188 "
2500380,2500,FRA,France,380,AZE,Azerbaijan,"41,128 "
2500500,2500,FRA,France,500,BGD,Bangladesh,"43,790 "
25008050,2500,FRA,France,8050,BLR,Belarus,"51,613 "
25002040,2500,FRA,France,2040,BEN,Benin,"523,842 "
2500640,2500,FRA,France,640,BTN,Bhutan,"26,558 "
2500680,2500,FRA,France,680,BOL,Bolivia,"1,064,895 "
2500570,2500,FRA,France,570,BIH,Bosnia and Herzegovina,"73,650 "
2500720,2500,FRA,France,720,BWA,Botswana,"99,022 "
2500760,2500,FRA,France,760,BRA,Brazil,"1,821,560 "
25008540,2500,FRA,France,8540,BFA,Burkina Faso,"6,004,507 "
25001080,2500,FRA,France,1080,BDI,Burundi,"4,049,224 "
25001320,2500,FRA,France,1320,CPV,Cabo Verde,"152,522 "
25004060,2500,FRA,France,4060,KHM,Cambodia,"1,071,250 "
25001200,2500,FRA,France,1200,CMR,Cameroon,"1,337,440 "
25001400,2500,FRA,France,1400,CAF,Central African Republic,"713,778 "
25001480,2500,FRA,France,1480,TCD,Chad,"3,512,976 "
25001520,2500,FRA,France,1520,CHL,Chile,"2,251,602 "
25001560,2500,FRA,France,1560,CHN,China,"579,405 "
25001700,2500,FRA,France,1700,COL,Colombia,"2,768,671 "
25001740,2500,FRA,France,1740,COM,Comoros,"836,796 "
25001780,2500,FRA,France,1780,COG,Congo,"244,434 "
25001880,2500,FRA,France,1880,CRI,Costa Rica,"783,336 "
25003840,2500,FRA,France,3840,CIV,Côte d'Ivoire,"395,455 "
25001920,2500,FRA,France,1920,CUB,Cuba,"71,683 "
25004090,2500,FRA,France,4090,PRK,Democratic People's Republic of Korea,"102,666 "
25008920,2500,FRA,France,8920,COD,Democratic Republic of the Congo,"3,446,822 "
25002620,2500,FRA,France,2620,DJI,Djibouti,"6,305,552 "
25002140,2500,FRA,France,2140,DOM,Dominican Republic,"393,021 "
25002180,2500,FRA,France,2180,ECU,Ecuador,"1,215,839 "
25002200,2500,FRA,France,2200,EGY,Egypt,"1,839,525 "
25002220,2500,FRA,France,2220,SLV,El Salvador,"1,403,573 "
25002260,2500,FRA,France,2260,GNQ,Equatorial Guinea,"383,864 "
25002270,2500,FRA,France,2270,ERI,Eritrea,"93,761 "
25002300,2500,FRA,France,2300,ETH,Ethiopia,"6,011,096 "
25002420,2500,FRA,France,2420,FJI,Fiji,"38,232 "
25002660,2500,FRA,France,2660,GAB,Gabon,"1,180,591 "
25002700,2500,FRA,France,2700,GMB,Gambia,"236,951 "
25002720,2500,FRA,France,2720,GEO,Georgia,"130,967 "
25002880,2500,FRA,France,2880,GHA,Ghana,"349,906 "
25003200,2500,FRA,France,3200,GTM,Guatemala,"1,048,440 "
25003240,2500,FRA,France,3240,GIN,Guinea,"2,319,313 "
25006240,2500,FRA,France,6240,GNB,Guinea-Bissau,"16,087 "
25003320,2500,FRA,France,3320,HTI,Haiti,"5,578,796 "
25003400,2500,FRA,France,3400,HND,Honduras,"753,825 "
25003560,2500,FRA,France,3560,IND,India,"471,790 "
25003600,2500,FRA,France,3600,IDN,Indonesia,"196,911 "
25003640,2500,FRA,France,3640,IRN,Iran (Islamic Republic of),"162,023 "
25003680,2500,FRA,France,3680,IRQ,Iraq,"78,604 "
25003880,2500,FRA,France,3880,JAM,Jamaica,"29,682 "
25004000,2500,FRA,France,4000,JOR,Jordan,"293,594 "
25004020,2500,FRA,France,4020,KAZ,Kazakhstan,"163,923 "
25004040,2500,FRA,France,4040,KEN,Kenya,"263,513 "
25004160,2500,FRA,France,4160,KGZ,Kyrgyzstan,"32,588 "
25004180,2500,FRA,France,4180,LAO,Lao People's Democratic Republic,"661,135 "
25004220,2500,FRA,France,4220,LBN,Lebanon,"9,097,705 "
25004260,2500,FRA,France,4260,LSO,Lesotho,"2,436 "
25004300,2500,FRA,France,4300,LBR,Liberia,"20,056 "
25004340,2500,FRA,France,4340,LBY,Libya,"139,852 "
25004500,2500,FRA,France,4500,MDG,Madagascar,"4,472,961 "
25004580,2500,FRA,France,4580,MYS,Malaysia,"117,198 "
25004660,2500,FRA,France,4660,MLI,Mali,"2,492,012 "
25004780,2500,FRA,France,4780,MRT,Mauritania,"1,849,701 "
25004800,2500,FRA,France,4800,MUS,Mauritius,"1,484,606 "
25004840,2500,FRA,France,4840,MEX,Mexico,"3,091,962 "
25004960,2500,FRA,France,4960,MNG,Mongolia,"21,514 "
25004990,2500,FRA,France,4990,MNE,Montenegro,"10,674 "
25005040,2500,FRA,France,5040,MAR,Morocco,"7,083,117 "
25005080,2500,FRA,France,5080,MOZ,Mozambique,"307,703 "
25001040,2500,FRA,France,1040,MMR,Myanmar,"49,394 "
25005160,2500,FRA,France,5160,NAM,Namibia,"28,352 "
25005240,2500,FRA,France,5240,NPL,Nepal,"9,238 "
25005580,2500,FRA,France,5580,NIC,Nicaragua,"236,306 "
25005620,2500,FRA,France,5620,NER,Niger,"7,102,123 "
25005660,2500,FRA,France,5660,NGA,Nigeria,"1,326,452 "
25005860,2500,FRA,France,5860,PAK,Pakistan,"37,560 "
25005900,2500,FRA,France,5900,PAN,Panama,"38,089 "
25005980,2500,FRA,France,5980,PNG,Papua New Guinea,"38,340 "
25006000,2500,FRA,France,6000,PRY,Paraguay,"331,777 "
25006040,2500,FRA,France,6040,PER,Peru,"915,021 "
25006080,2500,FRA,France,6080,PHL,Philippines,"54,591 "
25006220,2500,FRA,France,6220,MDA,Republic of Moldova,"57,460 "
25006460,2500,FRA,France,6460,RWA,Rwanda,"32,330 "
25006620,2500,FRA,France,6620,LCA,Saint Lucia,"1,869 "
25006780,2500,FRA,France,6780,STP,Sao Tome and Principe,"58,800 "
25006860,2500,FRA,France,6860,SEN,Senegal,"13,681,245 "
25006880,2500,FRA,France,6880,SRB,Serbia,"480,646 "
25006900,2500,FRA,France,6900,SYC,Seychelles,"193,324 "
25006940,2500,FRA,France,6940,SLE,Sierra Leone,"11,143 "
25007100,2500,FRA,France,7100,ZAF,South Africa,"639,848 "
25007280,2500,FRA,France,7280,SSD,South Sudan,"10,251 "
25007340,2500,FRA,France,7340,LKA,Sri Lanka,"22,171 "
25007290,2500,FRA,France,7290,SDN,Sudan,"260,299 "
25007480,2500,FRA,France,7480,SWZ,Swaziland,"14,936 "
25007600,2500,FRA,France,7600,SYR,Syrian Arab Republic,"31,898 "
25007610,2500,FRA,France,7610,TJK,Tajikistan,"4,417 "
25007640,2500,FRA,France,7640,THA,Thailand,"164,973 "
25004480,2500,FRA,France,4480,MKD,The former Yugoslav Republic of Macedonia,"65,511 "
25006260,2500,FRA,France,6260,TLS,Timor-Leste,"61,656 "
25007680,2500,FRA,France,7680,TGO,Togo,"2,199,897 "
25007760,2500,FRA,France,7760,TON,Tonga,"4,056 "
25007880,2500,FRA,France,7880,TUN,Tunisia,"5,307,496 "
25007920,2500,FRA,France,7920,TUR,Turkey,"3,193,894 "
25007940,2500,FRA,France,7940,TKM,Turkmenistan,"6,033 "
25008000,2500,FRA,France,8000,UGA,Uganda,"79,358 "
25008070,2500,FRA,France,8070,UKR,Ukraine,"350,106 "
25007620,2500,FRA,France,7620,TZA,United Republic of Tanzania,"270,155 "
25008580,2500,FRA,France,8580,URY,Uruguay,"745,091 "
25008600,2500,FRA,France,8600,UZB,Uzbekistan,"14,561 "
25005480,2500,FRA,France,5480,VUT,Vanuatu,"251,429 "
25008620,2500,FRA,France,8620,VEN,Venezuela,"1,261,790 "
25008680,2500,FRA,France,8680,VNM,Viet Nam,"1,495,129 "
25008850,2500,FRA,France,8850,YEM,Yemen,"30,475 "
25008940,2500,FRA,France,8940,ZMB,Zambia,"104,535 "
25007160,2500,FRA,France,7160,ZWE,Zimbabwe,"67,032 "
276040,2760,DEU,Germany,40,AFG,Afghanistan,"38,064,611 "
276080,2760,DEU,Germany,80,ALB,Albania,"910,511 "
2760120,2760,DEU,Germany,120,DZA,Algeria,"30,237 "
2760240,2760,DEU,Germany,240,AGO,Angola,"10,062 "
2760280,2760,DEU,Germany,280,ATG,Antigua and Barbuda,"3,152 "
2760320,2760,DEU,Germany,320,ARG,Argentina,"3,545,772 "
2760340,2760,DEU,Germany,340,ARM,Armenia,"328,628 "
2760380,2760,DEU,Germany,380,AZE,Azerbaijan,"57,791 "
2760500,2760,DEU,Germany,500,BGD,Bangladesh,"1,412,256 "
27608050,2760,DEU,Germany,8050,BLR,Belarus,"431,559 "
27602040,2760,DEU,Germany,2040,BEN,Benin,"4,345,405 "
2760680,2760,DEU,Germany,680,BOL,Bolivia,"1,623,001 "
2760570,2760,DEU,Germany,570,BIH,Bosnia and Herzegovina,"2,023,298 "
2760760,2760,DEU,Germany,760,BRA,Brazil,"7,683,806 "
27608540,2760,DEU,Germany,8540,BFA,Burkina Faso,"1,967,633 "
27601080,2760,DEU,Germany,1080,BDI,Burundi,"258,297 "
27604060,2760,DEU,Germany,4060,KHM,Cambodia,"144,488 "
27601200,2760,DEU,Germany,1200,CMR,Cameroon,"1,008,323 "
27601400,2760,DEU,Germany,1400,CAF,Central African Republic,"1,125 "
27601480,2760,DEU,Germany,1480,TCD,Chad,"53,480 "
27601520,2760,DEU,Germany,1520,CHL,Chile,"3,427,928 "
27601560,2760,DEU,Germany,1560,CHN,China,"6,848,930 "
27601700,2760,DEU,Germany,1700,COL,Colombia,"2,825,201 "
27601780,2760,DEU,Germany,1780,COG,Congo,"5,112 "
27601840,2760,DEU,Germany,1840,COK,Cook Islands,"8,130 "
27601880,2760,DEU,Germany,1880,CRI,Costa Rica,"853,719 "
27603840,2760,DEU,Germany,3840,CIV,Côte d'Ivoire,"746,431 "
27601920,2760,DEU,Germany,1920,CUB,Cuba,"28,839 "
27604090,2760,DEU,Germany,4090,PRK,Democratic People's Republic of Korea,490 
27608920,2760,DEU,Germany,8920,COD,Democratic Republic of the Congo,"3,826,759 "
27602620,2760,DEU,Germany,2620,DJI,Djibouti,"359,754 "
27602140,2760,DEU,Germany,2140,DOM,Dominican Republic,"12,710 "
27602180,2760,DEU,Germany,2180,ECU,Ecuador,"1,917,510 "
27602200,2760,DEU,Germany,2200,EGY,Egypt,"13,434,218 "
27602220,2760,DEU,Germany,2220,SLV,El Salvador,"512,723 "
27602300,2760,DEU,Germany,2300,ETH,Ethiopia,"457,629 "
27602660,2760,DEU,Germany,2660,GAB,Gabon,"10,085 "
27602700,2760,DEU,Germany,2700,GMB,Gambia,"1,340 "
27602720,2760,DEU,Germany,2720,GEO,Georgia,"662,319 "
27602880,2760,DEU,Germany,2880,GHA,Ghana,"1,099,762 "
27603200,2760,DEU,Germany,3200,GTM,Guatemala,"3,148,354 "
27603240,2760,DEU,Germany,3240,GIN,Guinea,"776,855 "
27606240,2760,DEU,Germany,6240,GNB,Guinea-Bissau,"1,556 "
27603320,2760,DEU,Germany,3320,HTI,Haiti,"264,499 "
27603400,2760,DEU,Germany,3400,HND,Honduras,"9,421,614 "
27603560,2760,DEU,Germany,3560,IND,India,"4,591,844 "
27603600,2760,DEU,Germany,3600,IDN,Indonesia,"1,860,466 "
27603640,2760,DEU,Germany,3640,IRN,Iran (Islamic Republic of),"438,401 "
27603680,2760,DEU,Germany,3680,IRQ,Iraq,"235,989 "
27604000,2760,DEU,Germany,4000,JOR,Jordan,"914,344 "
27604020,2760,DEU,Germany,4020,KAZ,Kazakhstan,"886,238 "
27604040,2760,DEU,Germany,4040,KEN,Kenya,"5,548,700 "
27604160,2760,DEU,Germany,4160,KGZ,Kyrgyzstan,"239,465 "
27604180,2760,DEU,Germany,4180,LAO,Lao People's Democratic Republic,"44,777 "
27604220,2760,DEU,Germany,4220,LBN,Lebanon,"431,623 "
27604300,2760,DEU,Germany,4300,LBR,Liberia,"192,841 "
27604340,2760,DEU,Germany,4340,LBY,Libya,"4,393 "
27604500,2760,DEU,Germany,4500,MDG,Madagascar,"83,869 "
27604540,2760,DEU,Germany,4540,MWI,Malawi,"5,099,497 "
27604580,2760,DEU,Germany,4580,MYS,Malaysia,"702,994 "
27604660,2760,DEU,Germany,4660,MLI,Mali,"1,954,710 "
27604780,2760,DEU,Germany,4780,MRT,Mauritania,"2,693 "
27604800,2760,DEU,Germany,4800,MUS,Mauritius,"3,504 "
27604840,2760,DEU,Germany,4840,MEX,Mexico,"4,510,532 "
27604960,2760,DEU,Germany,4960,MNG,Mongolia,"264,605 "
27604990,2760,DEU,Germany,4990,MNE,Montenegro,"98,766 "
27605040,2760,DEU,Germany,5040,MAR,Morocco,"407,445 "
27605080,2760,DEU,Germany,5080,MOZ,Mozambique,"22,458,890 "
27601040,2760,DEU,Germany,1040,MMR,Myanmar,"1,720,502 "
27605160,2760,DEU,Germany,5160,NAM,Namibia,"1,472,992 "
27605240,2760,DEU,Germany,5240,NPL,Nepal,"98,997 "
27605580,2760,DEU,Germany,5580,NIC,Nicaragua,"482,809 "
27605620,2760,DEU,Germany,5620,NER,Niger,"579,529 "
27605660,2760,DEU,Germany,5660,NGA,Nigeria,"195,719 "
27605860,2760,DEU,Germany,5860,PAK,Pakistan,"2,553,890 "
27605900,2760,DEU,Germany,5900,PAN,Panama,"1,800 "
27606000,2760,DEU,Germany,6000,PRY,Paraguay,"614,177 "
27606040,2760,DEU,Germany,6040,PER,Peru,"3,967,707 "
27606080,2760,DEU,Germany,6080,PHL,Philippines,"811,034 "
27606220,2760,DEU,Germany,6220,MDA,Republic of Moldova,"21,414 "
27606460,2760,DEU,Germany,6460,RWA,Rwanda,"1,096,059 "
27606860,2760,DEU,Germany,6860,SEN,Senegal,"3,123,702 "
27606880,2760,DEU,Germany,6880,SRB,Serbia,"669,599 "
27606940,2760,DEU,Germany,6940,SLE,Sierra Leone,"209,146 "
27607100,2760,DEU,Germany,7100,ZAF,South Africa,"5,890,252 "
27607280,2760,DEU,Germany,7280,SSD,South Sudan,"1,057,695 "
27607340,2760,DEU,Germany,7340,LKA,Sri Lanka,"1,118,710 "
27607290,2760,DEU,Germany,7290,SDN,Sudan,"342,036 "
27607600,2760,DEU,Germany,7600,SYR,Syrian Arab Republic,"358,573 "
27607610,2760,DEU,Germany,7610,TJK,Tajikistan,"3,743,229 "
27607640,2760,DEU,Germany,7640,THA,Thailand,"1,112,058 "
27604480,2760,DEU,Germany,4480,MKD,The former Yugoslav Republic of Macedonia,"84,808 "
27606260,2760,DEU,Germany,6260,TLS,Timor-Leste,"192,714 "
27607680,2760,DEU,Germany,7680,TGO,Togo,"338,443 "
27607880,2760,DEU,Germany,7880,TUN,Tunisia,"243,074 "
27607920,2760,DEU,Germany,7920,TUR,Turkey,"4,907,465 "
27607940,2760,DEU,Germany,7940,TKM,Turkmenistan,"21,626 "
27608000,2760,DEU,Germany,8000,UGA,Uganda,"416,973 "
27608070,2760,DEU,Germany,8070,UKR,Ukraine,"1,907,904 "
27607620,2760,DEU,Germany,7620,TZA,United Republic of Tanzania,"976,607 "
27608580,2760,DEU,Germany,8580,URY,Uruguay,"770,089 "
27608600,2760,DEU,Germany,8600,UZB,Uzbekistan,"604,830 "
27608620,2760,DEU,Germany,8620,VEN,Venezuela,"1,216,460 "
27608680,2760,DEU,Germany,8680,VNM,Viet Nam,"1,032,881 "
27608850,2760,DEU,Germany,8850,YEM,Yemen,"13,120,727 "
27608940,2760,DEU,Germany,8940,ZMB,Zambia,"1,272,166 "
27607160,2760,DEU,Germany,7160,ZWE,Zimbabwe,"8,199,940 "
300080,3000,GRC,Greece,80,ALB,Albania,"91,737 "
3000320,3000,GRC,Greece,320,ARG,Argentina,"80,139 "
3000380,3000,GRC,Greece,380,AZE,Azerbaijan,"7,192 "
3000760,3000,GRC,Greece,760,BRA,Brazil,"16,906 "
30001520,3000,GRC,Greece,1520,CHL,Chile,"3,451 "
30001560,3000,GRC,Greece,1560,CHN,China,"17,858 "
30008920,3000,GRC,Greece,8920,COD,Democratic Republic of the Congo,"28,394 "
30002200,3000,GRC,Greece,2200,EGY,Egypt,"273,338 "
30002300,3000,GRC,Greece,2300,ETH,Ethiopia,"38,503 "
30002720,3000,GRC,Greece,2720,GEO,Georgia,"11,629 "
30004000,3000,GRC,Greece,4000,JOR,Jordan,"2,912 "
30004540,3000,GRC,Greece,4540,MWI,Malawi,"3,250 "
30004840,3000,GRC,Greece,4840,MEX,Mexico,"10,529 "
30004990,3000,GRC,Greece,4990,MNE,Montenegro,"10,183 "
30005040,3000,GRC,Greece,5040,MAR,Morocco,"110,534 "
30005900,3000,GRC,Greece,5900,PAN,Panama,"5,481 "
30006220,3000,GRC,Greece,6220,MDA,Republic of Moldova,"5,953 "
30006880,3000,GRC,Greece,6880,SRB,Serbia,"34,872 "
30007100,3000,GRC,Greece,7100,ZAF,South Africa,"94,210 "
30007290,3000,GRC,Greece,7290,SDN,Sudan,"11,277 "
30007640,3000,GRC,Greece,7640,THA,Thailand,"5,694 "
30007880,3000,GRC,Greece,7880,TUN,Tunisia,"3,705 "
30007920,3000,GRC,Greece,7920,TUR,Turkey,"397,833 "
30008070,3000,GRC,Greece,8070,UKR,Ukraine,"87,353 "
30008580,3000,GRC,Greece,8580,URY,Uruguay,"8,931 "
30008620,3000,GRC,Greece,8620,VEN,Venezuela,"12,387 "
30007160,3000,GRC,Greece,7160,ZWE,Zimbabwe,"14,121 "
35203320,3520,ISL,Iceland,3320,HTI,Haiti,"57,588 "
35204040,3520,ISL,Iceland,4040,KEN,Kenya,"54,748 "
35204540,3520,ISL,Iceland,4540,MWI,Malawi,"994,016 "
35205080,3520,ISL,Iceland,5080,MOZ,Mozambique,"835,739 "
35205860,3520,ISL,Iceland,5860,PAK,Pakistan,"36,167 "
35207060,3520,ISL,Iceland,7060,SOM,Somalia,"39,841 "
35207680,3520,ISL,Iceland,7680,TGO,Togo,"24,141 "
35208000,3520,ISL,Iceland,8000,UGA,Uganda,"69,530 "
372040,3720,IRL,Ireland,40,AFG,Afghanistan,"159,674 "
3720320,3720,IRL,Ireland,320,ARG,Argentina,"12,555 "
37202040,3720,IRL,Ireland,2040,BEN,Benin,"64,260 "
3720680,3720,IRL,Ireland,680,BOL,Bolivia,"40,078 "
3720760,3720,IRL,Ireland,760,BRA,Brazil,"91,126 "
37208540,3720,IRL,Ireland,8540,BFA,Burkina Faso,"139,311 "
37204060,3720,IRL,Ireland,4060,KHM,Cambodia,"1,518 "
37201200,3720,IRL,Ireland,1200,CMR,Cameroon,"86,527 "
37201700,3720,IRL,Ireland,1700,COL,Colombia,"37,755 "
37208920,3720,IRL,Ireland,8920,COD,Democratic Republic of the Congo,"84,695 "
37202200,3720,IRL,Ireland,2200,EGY,Egypt,"35,454 "
37202300,3720,IRL,Ireland,2300,ETH,Ethiopia,"496,571 "
37202880,3720,IRL,Ireland,2880,GHA,Ghana,"52,358 "
37203240,3720,IRL,Ireland,3240,GIN,Guinea,"189,734 "
37206240,3720,IRL,Ireland,6240,GNB,Guinea-Bissau,"229,308 "
37203320,3720,IRL,Ireland,3320,HTI,Haiti,"99,575 "
37203560,3720,IRL,Ireland,3560,IND,India,"674,018 "
37204040,3720,IRL,Ireland,4040,KEN,Kenya,"800,723 "
37204220,3720,IRL,Ireland,4220,LBN,Lebanon,"29,618 "
37204260,3720,IRL,Ireland,4260,LSO,Lesotho,"70,905 "
37204300,3720,IRL,Ireland,4300,LBR,Liberia,"24,386 "
37204540,3720,IRL,Ireland,4540,MWI,Malawi,"106,335 "
37204660,3720,IRL,Ireland,4660,MLI,Mali,"15,087 "
37204840,3720,IRL,Ireland,4840,MEX,Mexico,"15,515 "
37205080,3720,IRL,Ireland,5080,MOZ,Mozambique,"5,612,606 "
37205240,3720,IRL,Ireland,5240,NPL,Nepal,"1,679 "
37205620,3720,IRL,Ireland,5620,NER,Niger,"95,075 "
37205660,3720,IRL,Ireland,5660,NGA,Nigeria,"298,815 "
37206040,3720,IRL,Ireland,6040,PER,Peru,"231,303 "
37206080,3720,IRL,Ireland,6080,PHL,Philippines,"62,007 "
37208820,3720,IRL,Ireland,8820,WSM,Samoa,"13,254 "
37206860,3720,IRL,Ireland,6860,SEN,Senegal,"6,522 "
37206940,3720,IRL,Ireland,6940,SLE,Sierra Leone,"693,134 "
37207100,3720,IRL,Ireland,7100,ZAF,South Africa,"465,486 "
37207280,3720,IRL,Ireland,7280,SSD,South Sudan,"537,833 "
37207290,3720,IRL,Ireland,7290,SDN,Sudan,"505,944 "
37207640,3720,IRL,Ireland,7640,THA,Thailand,"32,893 "
37206260,3720,IRL,Ireland,6260,TLS,Timor-Leste,"12,373 "
37208000,3720,IRL,Ireland,8000,UGA,Uganda,"676,842 "
37207620,3720,IRL,Ireland,7620,TZA,United Republic of Tanzania,"1,314,982 "
37208580,3720,IRL,Ireland,8580,URY,Uruguay,"2,324 "
37208680,3720,IRL,Ireland,8680,VNM,Viet Nam,"39,774 "
37208940,3720,IRL,Ireland,8940,ZMB,Zambia,"4,963,730 "
37207160,3720,IRL,Ireland,7160,ZWE,Zimbabwe,"336,986 "
380040,3800,ITA,Italy,40,AFG,Afghanistan,"830,422 "
380080,3800,ITA,Italy,80,ALB,Albania,"1,588,515 "
3800120,3800,ITA,Italy,120,DZA,Algeria,"6,016 "
3800240,3800,ITA,Italy,240,AGO,Angola,"84,348 "
3800320,3800,ITA,Italy,320,ARG,Argentina,"422,317 "
3800340,3800,ITA,Italy,340,ARM,Armenia,"100,893 "
3800500,3800,ITA,Italy,500,BGD,Bangladesh,"211,996 "
38008050,3800,ITA,Italy,8050,BLR,Belarus,"2,523 "
38002040,3800,ITA,Italy,2040,BEN,Benin,"259,695 "
3800680,3800,ITA,Italy,680,BOL,Bolivia,"93,668 "
3800570,3800,ITA,Italy,570,BIH,Bosnia and Herzegovina,"131,156 "
3800760,3800,ITA,Italy,760,BRA,Brazil,"876,496 "
38008540,3800,ITA,Italy,8540,BFA,Burkina Faso,"454,684 "
38001080,3800,ITA,Italy,1080,BDI,Burundi,"219,503 "
38001320,3800,ITA,Italy,1320,CPV,Cabo Verde,"19,280 "
38004060,3800,ITA,Italy,4060,KHM,Cambodia,"99,737 "
38001200,3800,ITA,Italy,1200,CMR,Cameroon,"175,651 "
38001400,3800,ITA,Italy,1400,CAF,Central African Republic,"33,192 "
38001480,3800,ITA,Italy,1480,TCD,Chad,"133,693 "
38001520,3800,ITA,Italy,1520,CHL,Chile,611 
38001560,3800,ITA,Italy,1560,CHN,China,"24,368 "
38001700,3800,ITA,Italy,1700,COL,Colombia,"113,195 "
38001780,3800,ITA,Italy,1780,COG,Congo,"47,796 "
38001880,3800,ITA,Italy,1880,CRI,Costa Rica,"45,965 "
38003840,3800,ITA,Italy,3840,CIV,Côte d'Ivoire,"66,922 "
38001920,3800,ITA,Italy,1920,CUB,Cuba,"19,744 "
38008920,3800,ITA,Italy,8920,COD,Democratic Republic of the Congo,"488,008 "
38002140,3800,ITA,Italy,2140,DOM,Dominican Republic,"230,517 "
38002180,3800,ITA,Italy,2180,ECU,Ecuador,"245,288 "
38002200,3800,ITA,Italy,2200,EGY,Egypt,"197,711 "
38002220,3800,ITA,Italy,2220,SLV,El Salvador,"118,543 "
38002260,3800,ITA,Italy,2260,GNQ,Equatorial Guinea,"37,087 "
38002270,3800,ITA,Italy,2270,ERI,Eritrea,"109,511 "
38002300,3800,ITA,Italy,2300,ETH,Ethiopia,"3,029,571 "
38002660,3800,ITA,Italy,2660,GAB,Gabon,"119,635 "
38002720,3800,ITA,Italy,2720,GEO,Georgia,321 
38003200,3800,ITA,Italy,3200,GTM,Guatemala,"34,710 "
38003320,3800,ITA,Italy,3320,HTI,Haiti,"115,257 "
38003400,3800,ITA,Italy,3400,HND,Honduras,"1,992 "
38003560,3800,ITA,Italy,3560,IND,India,"874,307 "
38003600,3800,ITA,Italy,3600,IDN,Indonesia,"91,477 "
38003640,3800,ITA,Italy,3640,IRN,Iran (Islamic Republic of),161 
38004040,3800,ITA,Italy,4040,KEN,Kenya,"563,572 "
38004220,3800,ITA,Italy,4220,LBN,Lebanon,"1,559,876 "
38004340,3800,ITA,Italy,4340,LBY,Libya,161 
38004500,3800,ITA,Italy,4500,MDG,Madagascar,"283,028 "
38004540,3800,ITA,Italy,4540,MWI,Malawi,"69,806 "
38004660,3800,ITA,Italy,4660,MLI,Mali,"236,645 "
38004840,3800,ITA,Italy,4840,MEX,Mexico,"99,029 "
38004990,3800,ITA,Italy,4990,MNE,Montenegro,"92,072 "
38005040,3800,ITA,Italy,5040,MAR,Morocco,"12,150 "
38005080,3800,ITA,Italy,5080,MOZ,Mozambique,"1,535,660 "
38001040,3800,ITA,Italy,1040,MMR,Myanmar,"4,684 "
38005240,3800,ITA,Italy,5240,NPL,Nepal,"4,405 "
38005580,3800,ITA,Italy,5580,NIC,Nicaragua,"3,485 "
38005620,3800,ITA,Italy,5620,NER,Niger,"7,553 "
38005660,3800,ITA,Italy,5660,NGA,Nigeria,"73,644 "
38005860,3800,ITA,Italy,5860,PAK,Pakistan,"136,024 "
38005980,3800,ITA,Italy,5980,PNG,Papua New Guinea,"59,110 "
38006000,3800,ITA,Italy,6000,PRY,Paraguay,"5,784 "
38006040,3800,ITA,Italy,6040,PER,Peru,"253,082 "
38006080,3800,ITA,Italy,6080,PHL,Philippines,"306,888 "
38006220,3800,ITA,Italy,6220,MDA,Republic of Moldova,"8,535 "
38006460,3800,ITA,Italy,6460,RWA,Rwanda,"33,259 "
38006860,3800,ITA,Italy,6860,SEN,Senegal,"60,942 "
38006880,3800,ITA,Italy,6880,SRB,Serbia,"191,410 "
38006940,3800,ITA,Italy,6940,SLE,Sierra Leone,"74,383 "
38007060,3800,ITA,Italy,7060,SOM,Somalia,"83,152 "
38007100,3800,ITA,Italy,7100,ZAF,South Africa,"16,596 "
38007280,3800,ITA,Italy,7280,SSD,South Sudan,"910,069 "
38007340,3800,ITA,Italy,7340,LKA,Sri Lanka,"77,167 "
38007290,3800,ITA,Italy,7290,SDN,Sudan,"1,588,609 "
38007640,3800,ITA,Italy,7640,THA,Thailand,"155,067 "
38006260,3800,ITA,Italy,6260,TLS,Timor-Leste,"433,064 "
38007680,3800,ITA,Italy,7680,TGO,Togo,"7,626 "
38007920,3800,ITA,Italy,7920,TUR,Turkey,"1,446 "
38008000,3800,ITA,Italy,8000,UGA,Uganda,"102,931 "
38008070,3800,ITA,Italy,8070,UKR,Ukraine,"33,478 "
38007620,3800,ITA,Italy,7620,TZA,United Republic of Tanzania,"232,944 "
38008580,3800,ITA,Italy,8580,URY,Uruguay,"16,806 "
38008600,3800,ITA,Italy,8600,UZB,Uzbekistan,482 
38008620,3800,ITA,Italy,8620,VEN,Venezuela,"56,968 "
38008680,3800,ITA,Italy,8680,VNM,Viet Nam,"187,732 "
38008940,3800,ITA,Italy,8940,ZMB,Zambia,"38,735 "
392040,3920,JPN,Japan,40,AFG,Afghanistan,"39,847,317 "
392080,3920,JPN,Japan,80,ALB,Albania,"59,023 "
3920120,3920,JPN,Japan,120,DZA,Algeria,"4,895 "
3920240,3920,JPN,Japan,240,AGO,Angola,"751,463 "
3920280,3920,JPN,Japan,280,ATG,Antigua and Barbuda,"8,432 "
3920320,3920,JPN,Japan,320,ARG,Argentina,"269,558 "
3920340,3920,JPN,Japan,340,ARM,Armenia,"100,177 "
3920380,3920,JPN,Japan,380,AZE,Azerbaijan,"106,343 "
3920500,3920,JPN,Japan,500,BGD,Bangladesh,"4,406,445 "
39208050,3920,JPN,Japan,8050,BLR,Belarus,"41,080 "
3920580,3920,JPN,Japan,580,BLZ,Belize,"232,513 "
39202040,3920,JPN,Japan,2040,BEN,Benin,"8,870,333 "
3920640,3920,JPN,Japan,640,BTN,Bhutan,"347,259 "
3920680,3920,JPN,Japan,680,BOL,Bolivia,"1,136,473 "
3920570,3920,JPN,Japan,570,BIH,Bosnia and Herzegovina,"119,122 "
3920720,3920,JPN,Japan,720,BWA,Botswana,"108,608 "
3920760,3920,JPN,Japan,760,BRA,Brazil,"2,467,903 "
39208540,3920,JPN,Japan,8540,BFA,Burkina Faso,"11,399,211 "
39201080,3920,JPN,Japan,1080,BDI,Burundi,"74,132 "
39204060,3920,JPN,Japan,4060,KHM,Cambodia,"2,651,237 "
39201200,3920,JPN,Japan,1200,CMR,Cameroon,"642,976 "
39201400,3920,JPN,Japan,1400,CAF,Central African Republic,"329,045 "
39201480,3920,JPN,Japan,1480,TCD,Chad,"27,892 "
39201520,3920,JPN,Japan,1520,CHL,Chile,"341,120 "
39201560,3920,JPN,Japan,1560,CHN,China,"14,301,719 "
39201700,3920,JPN,Japan,1700,COL,Colombia,"1,198,943 "
39201740,3920,JPN,Japan,1740,COM,Comoros,"117,174 "
39201780,3920,JPN,Japan,1780,COG,Congo,"41,569 "
39201840,3920,JPN,Japan,1840,COK,Cook Islands,"13,969 "
39201880,3920,JPN,Japan,1880,CRI,Costa Rica,"426,161 "
39203840,3920,JPN,Japan,3840,CIV,Côte d'Ivoire,"259,740 "
39201920,3920,JPN,Japan,1920,CUB,Cuba,"7,400 "
39208920,3920,JPN,Japan,8920,COD,Democratic Republic of the Congo,"34,497 "
39202620,3920,JPN,Japan,2620,DJI,Djibouti,"299,193 "
39202120,3920,JPN,Japan,2120,DMA,Dominica,"25,130 "
39202140,3920,JPN,Japan,2140,DOM,Dominican Republic,"686,945 "
39202180,3920,JPN,Japan,2180,ECU,Ecuador,"1,627,005 "
39202200,3920,JPN,Japan,2200,EGY,Egypt,"623,728 "
39202220,3920,JPN,Japan,2220,SLV,El Salvador,"2,087,230 "
39202270,3920,JPN,Japan,2270,ERI,Eritrea,"10,080 "
39202300,3920,JPN,Japan,2300,ETH,Ethiopia,"10,103,943 "
39202420,3920,JPN,Japan,2420,FJI,Fiji,"1,144,704 "
39202660,3920,JPN,Japan,2660,GAB,Gabon,"183,945 "
39202700,3920,JPN,Japan,2700,GMB,Gambia,"24,501 "
39202720,3920,JPN,Japan,2720,GEO,Georgia,"154,922 "
39202880,3920,JPN,Japan,2880,GHA,Ghana,"2,754,054 "
39203200,3920,JPN,Japan,3200,GTM,Guatemala,"785,200 "
39203240,3920,JPN,Japan,3240,GIN,Guinea,"106,422 "
39206240,3920,JPN,Japan,6240,GNB,Guinea-Bissau,"2,128,930 "
39203280,3920,JPN,Japan,3280,GUY,Guyana,"17,985 "
39203320,3920,JPN,Japan,3320,HTI,Haiti,"577,973 "
39203400,3920,JPN,Japan,3400,HND,Honduras,"2,223,628 "
39203560,3920,JPN,Japan,3560,IND,India,"1,008,711 "
39203600,3920,JPN,Japan,3600,IDN,Indonesia,"39,564,445 "
39203640,3920,JPN,Japan,3640,IRN,Iran (Islamic Republic of),"306,479 "
39203680,3920,JPN,Japan,3680,IRQ,Iraq,"1,774,487 "
39203880,3920,JPN,Japan,3880,JAM,Jamaica,"321,167 "
39204000,3920,JPN,Japan,4000,JOR,Jordan,"1,356,141 "
39204020,3920,JPN,Japan,4020,KAZ,Kazakhstan,"257,319 "
39204040,3920,JPN,Japan,4040,KEN,Kenya,"5,237,453 "
39202960,3920,JPN,Japan,2960,KIR,Kiribati,"150,741 "
39204160,3920,JPN,Japan,4160,KGZ,Kyrgyzstan,"2,777,386 "
39204180,3920,JPN,Japan,4180,LAO,Lao People's Democratic Republic,"3,663,624 "
39204220,3920,JPN,Japan,4220,LBN,Lebanon,"118,925 "
39204260,3920,JPN,Japan,4260,LSO,Lesotho,"263,987 "
39204300,3920,JPN,Japan,4300,LBR,Liberia,"259,055 "
39204500,3920,JPN,Japan,4500,MDG,Madagascar,"45,417 "
39204540,3920,JPN,Japan,4540,MWI,Malawi,"3,980,020 "
39204580,3920,JPN,Japan,4580,MYS,Malaysia,"873,446 "
39204620,3920,JPN,Japan,4620,MDV,Maldives,"503,672 "
39204660,3920,JPN,Japan,4660,MLI,Mali,"341,479 "
39205840,3920,JPN,Japan,5840,MHL,Marshall Islands,"599,250 "
39204780,3920,JPN,Japan,4780,MRT,Mauritania,"54,994 "
39204800,3920,JPN,Japan,4800,MUS,Mauritius,"21,787 "
39204840,3920,JPN,Japan,4840,MEX,Mexico,"311,524 "
39204845,3920,JPN,Japan,4845,FSM,Micronesia,"610,902 "
39204960,3920,JPN,Japan,4960,MNG,Mongolia,"9,800,429 "
39204990,3920,JPN,Japan,4990,MNE,Montenegro,"163,973 "
39205040,3920,JPN,Japan,5040,MAR,Morocco,"14,423,547 "
39205080,3920,JPN,Japan,5080,MOZ,Mozambique,"3,890,475 "
39201040,3920,JPN,Japan,1040,MMR,Myanmar,"105,117,402 "
39205160,3920,JPN,Japan,5160,NAM,Namibia,"637,199 "
39205240,3920,JPN,Japan,5240,NPL,Nepal,"7,259,079 "
39205580,3920,JPN,Japan,5580,NIC,Nicaragua,"1,228,148 "
39205620,3920,JPN,Japan,5620,NER,Niger,"1,781,601 "
39205660,3920,JPN,Japan,5660,NGA,Nigeria,"1,585,177 "
39205700,3920,JPN,Japan,5700,NIU,Niue,"8,586 "
39205860,3920,JPN,Japan,5860,PAK,Pakistan,"2,228,162 "
3920955,3920,JPN,Japan,955,PLW,Palau,"476,532 "
39205900,3920,JPN,Japan,5900,PAN,Panama,"574,129 "
39205980,3920,JPN,Japan,5980,PNG,Papua New Guinea,"2,000,647 "
39206000,3920,JPN,Japan,6000,PRY,Paraguay,"1,540,490 "
39206040,3920,JPN,Japan,6040,PER,Peru,"452,895 "
39206080,3920,JPN,Japan,6080,PHL,Philippines,"7,919,502 "
39206220,3920,JPN,Japan,6220,MDA,Republic of Moldova,"123,554 "
39206460,3920,JPN,Japan,6460,RWA,Rwanda,"456,372 "
39206620,3920,JPN,Japan,6620,LCA,Saint Lucia,"97,337 "
39206700,3920,JPN,Japan,6700,VCT,Saint Vincent and the Grenadines,"16,858 "
39208820,3920,JPN,Japan,8820,WSM,Samoa,"1,229,100 "
39206780,3920,JPN,Japan,6780,STP,Sao Tome and Principe,"126,168 "
39206860,3920,JPN,Japan,6860,SEN,Senegal,"3,699,696 "
39206880,3920,JPN,Japan,6880,SRB,Serbia,"421,819 "
39206900,3920,JPN,Japan,6900,SYC,Seychelles,"11,521 "
39206940,3920,JPN,Japan,6940,SLE,Sierra Leone,"118,587 "
3920900,3920,JPN,Japan,900,SLB,Solomon Islands,"311,106 "
39207060,3920,JPN,Japan,7060,SOM,Somalia,"4,850,000 "
39207100,3920,JPN,Japan,7100,ZAF,South Africa,"806,002 "
39207280,3920,JPN,Japan,7280,SSD,South Sudan,"1,729,301 "
39207340,3920,JPN,Japan,7340,LKA,Sri Lanka,"483,803 "
39207290,3920,JPN,Japan,7290,SDN,Sudan,"483,693 "
39207480,3920,JPN,Japan,7480,SWZ,Swaziland,"76,447 "
39207600,3920,JPN,Japan,7600,SYR,Syrian Arab Republic,"16,746 "
39207610,3920,JPN,Japan,7610,TJK,Tajikistan,"343,696 "
39207640,3920,JPN,Japan,7640,THA,Thailand,"1,077,568 "
39204480,3920,JPN,Japan,4480,MKD,The former Yugoslav Republic of Macedonia,"116,278 "
39206260,3920,JPN,Japan,6260,TLS,Timor-Leste,"263,786 "
39207680,3920,JPN,Japan,7680,TGO,Togo,"68,676 "
39207760,3920,JPN,Japan,7760,TON,Tonga,"798,471 "
39207880,3920,JPN,Japan,7880,TUN,Tunisia,"227,764 "
39207920,3920,JPN,Japan,7920,TUR,Turkey,"185,962 "
39207940,3920,JPN,Japan,7940,TKM,Turkmenistan,"3,051 "
39207780,3920,JPN,Japan,7780,TUV,Tuvalu,"1,179,989 "
39208000,3920,JPN,Japan,8000,UGA,Uganda,"762,529 "
39208070,3920,JPN,Japan,8070,UKR,Ukraine,"525,135 "
39207620,3920,JPN,Japan,7620,TZA,United Republic of Tanzania,"2,367,918 "
39208580,3920,JPN,Japan,8580,URY,Uruguay,"245,994 "
39208600,3920,JPN,Japan,8600,UZB,Uzbekistan,"1,540,909 "
39205480,3920,JPN,Japan,5480,VUT,Vanuatu,"874,908 "
39208620,3920,JPN,Japan,8620,VEN,Venezuela,"176,110 "
39208680,3920,JPN,Japan,8680,VNM,Viet Nam,"12,566,639 "
39208850,3920,JPN,Japan,8850,YEM,Yemen,"176,576 "
39208940,3920,JPN,Japan,8940,ZMB,Zambia,"3,795,672 "
39207160,3920,JPN,Japan,7160,ZWE,Zimbabwe,"255,551 "
410040,4100,RKO,Korea,40,AFG,Afghanistan,"3,310,563 "
4100120,4100,RKO,Korea,120,DZA,Algeria,"3,627 "
4100240,4100,RKO,Korea,240,AGO,Angola,"214,044 "
4100380,4100,RKO,Korea,380,AZE,Azerbaijan,"89,882 "
4100500,4100,RKO,Korea,500,BGD,Bangladesh,"524,594 "
41008050,4100,RKO,Korea,8050,BLR,Belarus,"3,971 "
41002040,4100,RKO,Korea,2040,BEN,Benin,"24,516 "
4100640,4100,RKO,Korea,640,BTN,Bhutan,"16,875 "
4100680,4100,RKO,Korea,680,BOL,Bolivia,"91,613 "
4100760,4100,RKO,Korea,760,BRA,Brazil,"1,594 "
41008540,4100,RKO,Korea,8540,BFA,Burkina Faso,"88,270 "
41001080,4100,RKO,Korea,1080,BDI,Burundi,"7,237 "
41004060,4100,RKO,Korea,4060,KHM,Cambodia,"3,201,644 "
41001200,4100,RKO,Korea,1200,CMR,Cameroon,"74,252 "
41001400,4100,RKO,Korea,1400,CAF,Central African Republic,"2,673 "
41001480,4100,RKO,Korea,1480,TCD,Chad,"17,279 "
41001560,4100,RKO,Korea,1560,CHN,China,"161,618 "
41001700,4100,RKO,Korea,1700,COL,Colombia,"3,858,081 "
41001740,4100,RKO,Korea,1740,COM,Comoros,"7,237 "
41008920,4100,RKO,Korea,8920,COD,Democratic Republic of the Congo,"114,004 "
41002140,4100,RKO,Korea,2140,DOM,Dominican Republic,"245,859 "
41002180,4100,RKO,Korea,2180,ECU,Ecuador,"576,159 "
41002200,4100,RKO,Korea,2200,EGY,Egypt,"338,743 "
41002220,4100,RKO,Korea,2220,SLV,El Salvador,"604,147 "
41002260,4100,RKO,Korea,2260,GNQ,Equatorial Guinea,"5,555 "
41002300,4100,RKO,Korea,2300,ETH,Ethiopia,"1,264,638 "
41002420,4100,RKO,Korea,2420,FJI,Fiji,"7,006 "
41002700,4100,RKO,Korea,2700,GMB,Gambia,"15,877 "
41002720,4100,RKO,Korea,2720,GEO,Georgia,"8,372 "
41002880,4100,RKO,Korea,2880,GHA,Ghana,"98,826 "
41003200,4100,RKO,Korea,3200,GTM,Guatemala,"589,099 "
41003240,4100,RKO,Korea,3240,GIN,Guinea,"17,279 "
41003320,4100,RKO,Korea,3320,HTI,Haiti,"1,184,718 "
41003560,4100,RKO,Korea,3560,IND,India,"46,527 "
41003600,4100,RKO,Korea,3600,IDN,Indonesia,"1,252,069 "
41003640,4100,RKO,Korea,3640,IRN,Iran (Islamic Republic of),"1,356 "
41003680,4100,RKO,Korea,3680,IRQ,Iraq,"1,770,999 "
41004000,4100,RKO,Korea,4000,JOR,Jordan,"158,625 "
41004020,4100,RKO,Korea,4020,KAZ,Kazakhstan,"82,396 "
41004040,4100,RKO,Korea,4040,KEN,Kenya,"262,518 "
41004160,4100,RKO,Korea,4160,KGZ,Kyrgyzstan,"121,845 "
41004180,4100,RKO,Korea,4180,LAO,Lao People's Democratic Republic,"538,637 "
41004260,4100,RKO,Korea,4260,LSO,Lesotho,"27,407 "
41004300,4100,RKO,Korea,4300,LBR,Liberia,"34,490 "
41004340,4100,RKO,Korea,4340,LBY,Libya,"3,563 "
41004500,4100,RKO,Korea,4500,MDG,Madagascar,"43,621 "
41004540,4100,RKO,Korea,4540,MWI,Malawi,"232,675 "
41004580,4100,RKO,Korea,4580,MYS,Malaysia,"15,760 "
41004620,4100,RKO,Korea,4620,MDV,Maldives,"24,516 "
41004660,4100,RKO,Korea,4660,MLI,Mali,"121,716 "
41004845,4100,RKO,Korea,4845,FSM,Micronesia,"1,313 "
41004960,4100,RKO,Korea,4960,MNG,Mongolia,"2,305,737 "
41005040,4100,RKO,Korea,5040,MAR,Morocco,"550,130 "
41005080,4100,RKO,Korea,5080,MOZ,Mozambique,"35,863 "
41001040,4100,RKO,Korea,1040,MMR,Myanmar,"266,256 "
41005240,4100,RKO,Korea,5240,NPL,Nepal,"1,283,449 "
41005580,4100,RKO,Korea,5580,NIC,Nicaragua,"13,057 "
41005620,4100,RKO,Korea,5620,NER,Niger,"12,258 "
41005660,4100,RKO,Korea,5660,NGA,Nigeria,"1,374,634 "
41005860,4100,RKO,Korea,5860,PAK,Pakistan,"322,740 "
41005980,4100,RKO,Korea,5980,PNG,Papua New Guinea,"4,922 "
41006000,4100,RKO,Korea,6000,PRY,Paraguay,"804,771 "
41006040,4100,RKO,Korea,6040,PER,Peru,"755,840 "
41006080,4100,RKO,Korea,6080,PHL,Philippines,"2,453,227 "
41006220,4100,RKO,Korea,6220,MDA,Republic of Moldova,"8,302 "
41006460,4100,RKO,Korea,6460,RWA,Rwanda,"398,150 "
41006560,4100,RKO,Korea,6560,KNA,Saint Kitts and Nevis,"22,589 "
41006860,4100,RKO,Korea,6860,SEN,Senegal,"899,807 "
41006940,4100,RKO,Korea,6940,SLE,Sierra Leone,"8,236 "
4100900,4100,RKO,Korea,900,SLB,Solomon Islands,"11,996 "
41007100,4100,RKO,Korea,7100,ZAF,South Africa,"42,561 "
41007340,4100,RKO,Korea,7340,LKA,Sri Lanka,"2,171,679 "
41007290,4100,RKO,Korea,7290,SDN,Sudan,"2,355 "
41007610,4100,RKO,Korea,7610,TJK,Tajikistan,"9,828 "
41007640,4100,RKO,Korea,7640,THA,Thailand,"478,039 "
41006260,4100,RKO,Korea,6260,TLS,Timor-Leste,"779,805 "
41007680,4100,RKO,Korea,7680,TGO,Togo,"3,619 "
41007760,4100,RKO,Korea,7760,TON,Tonga,855 
41007880,4100,RKO,Korea,7880,TUN,Tunisia,"232,493 "
41007920,4100,RKO,Korea,7920,TUR,Turkey,452 
41007940,4100,RKO,Korea,7940,TKM,Turkmenistan,"27,631 "
41007780,4100,RKO,Korea,7780,TUV,Tuvalu,"17,279 "
41008000,4100,RKO,Korea,8000,UGA,Uganda,"131,652 "
41008070,4100,RKO,Korea,8070,UKR,Ukraine,"12,966 "
41007620,4100,RKO,Korea,7620,TZA,United Republic of Tanzania,"202,901 "
41008600,4100,RKO,Korea,8600,UZB,Uzbekistan,"789,154 "
41008620,4100,RKO,Korea,8620,VEN,Venezuela,999 
41008680,4100,RKO,Korea,8680,VNM,Viet Nam,"1,893,872 "
41008850,4100,RKO,Korea,8850,YEM,Yemen,"41,916 "
41008940,4100,RKO,Korea,8940,ZMB,Zambia,"41,111 "
41007160,4100,RKO,Korea,7160,ZWE,Zimbabwe,"153,027 "
41401320,4140,KWT,Kuwait,1320,CPV,Cabo Verde,"980,822 "
41402200,4140,KWT,Kuwait,2200,EGY,Egypt,"124,131 "
41403240,4140,KWT,Kuwait,3240,GIN,Guinea,"183,987 "
41403680,4140,KWT,Kuwait,3680,IRQ,Iraq,"857,355 "
41404220,4140,KWT,Kuwait,4220,LBN,Lebanon,"625,422 "
41407340,4140,KWT,Kuwait,7340,LKA,Sri Lanka,"108,948 "
41407290,4140,KWT,Kuwait,7290,SDN,Sudan,"1,346,518 "
4420320,4420,LUX,Luxembourg,320,ARG,Argentina,"12,052 "
4420340,4420,LUX,Luxembourg,340,ARM,Armenia,"17,870 "
4420380,4420,LUX,Luxembourg,380,AZE,Azerbaijan,"8,807 "
4420500,4420,LUX,Luxembourg,500,BGD,Bangladesh,"235,698 "
44202040,4420,LUX,Luxembourg,2040,BEN,Benin,"20,671 "
4420680,4420,LUX,Luxembourg,680,BOL,Bolivia,"77,307 "
4420760,4420,LUX,Luxembourg,760,BRA,Brazil,"330,555 "
44208540,4420,LUX,Luxembourg,8540,BFA,Burkina Faso,"1,818,404 "
44201080,4420,LUX,Luxembourg,1080,BDI,Burundi,"443,977 "
44201320,4420,LUX,Luxembourg,1320,CPV,Cabo Verde,"125,086 "
44201400,4420,LUX,Luxembourg,1400,CAF,Central African Republic,"42,343 "
44201520,4420,LUX,Luxembourg,1520,CHL,Chile,"31,864 "
44201700,4420,LUX,Luxembourg,1700,COL,Colombia,"142,607 "
44208920,4420,LUX,Luxembourg,8920,COD,Democratic Republic of the Congo,"89,090 "
44202180,4420,LUX,Luxembourg,2180,ECU,Ecuador,"74,195 "
44206240,4420,LUX,Luxembourg,6240,GNB,Guinea-Bissau,"4,595 "
44203320,4420,LUX,Luxembourg,3320,HTI,Haiti,"64,908 "
44203400,4420,LUX,Luxembourg,3400,HND,Honduras,"20,208 "
44203560,4420,LUX,Luxembourg,3560,IND,India,"416,361 "
44204040,4420,LUX,Luxembourg,4040,KEN,Kenya,"297,815 "
44204180,4420,LUX,Luxembourg,4180,LAO,Lao People's Democratic Republic,"660,715 "
44204220,4420,LUX,Luxembourg,4220,LBN,Lebanon,"30,849 "
44204540,4420,LUX,Luxembourg,4540,MWI,Malawi,"28,068 "
44204660,4420,LUX,Luxembourg,4660,MLI,Mali,"363,733 "
44205240,4420,LUX,Luxembourg,5240,NPL,Nepal,"399,280 "
44205580,4420,LUX,Luxembourg,5580,NIC,Nicaragua,"869,202 "
44205620,4420,LUX,Luxembourg,5620,NER,Niger,"2,512,695 "
44206000,4420,LUX,Luxembourg,6000,PRY,Paraguay,"77,646 "
44206040,4420,LUX,Luxembourg,6040,PER,Peru,"98,145 "
44206460,4420,LUX,Luxembourg,6460,RWA,Rwanda,"109,161 "
44206860,4420,LUX,Luxembourg,6860,SEN,Senegal,"296,421 "
44207060,4420,LUX,Luxembourg,7060,SOM,Somalia,"16,788 "
44207100,4420,LUX,Luxembourg,7100,ZAF,South Africa,"145,616 "
44207280,4420,LUX,Luxembourg,7280,SSD,South Sudan,"48,903 "
44208000,4420,LUX,Luxembourg,8000,UGA,Uganda,"100,484 "
44208600,4420,LUX,Luxembourg,8600,UZB,Uzbekistan,"10,778 "
44208680,4420,LUX,Luxembourg,8680,VNM,Viet Nam,"716,884 "
528040,5280,NLD,Netherlands,40,AFG,Afghanistan,"359,583 "
5280500,5280,NLD,Netherlands,500,BGD,Bangladesh,"8,648,187 "
5280640,5280,NLD,Netherlands,640,BTN,Bhutan,"128,535 "
5280680,5280,NLD,Netherlands,680,BOL,Bolivia,"3,093,618 "
52808540,5280,NLD,Netherlands,8540,BFA,Burkina Faso,"12,722,200 "
52802200,5280,NLD,Netherlands,2200,EGY,Egypt,"288,781 "
52802300,5280,NLD,Netherlands,2300,ETH,Ethiopia,"2,917,794 "
52802880,5280,NLD,Netherlands,2880,GHA,Ghana,"11,074 "
52803560,5280,NLD,Netherlands,3560,IND,India,"326,251 "
52803600,5280,NLD,Netherlands,3600,IDN,Indonesia,"6,673,504 "
52804220,5280,NLD,Netherlands,4220,LBN,Lebanon,"1,104 "
52804340,5280,NLD,Netherlands,4340,LBY,Libya,"18,092 "
52804660,5280,NLD,Netherlands,4660,MLI,Mali,"4,119,336 "
52805080,5280,NLD,Netherlands,5080,MOZ,Mozambique,"578,406 "
52805580,5280,NLD,Netherlands,5580,NIC,Nicaragua,"151,607 "
52805860,5280,NLD,Netherlands,5860,PAK,Pakistan,"9,736,934 "
52807060,5280,NLD,Netherlands,7060,SOM,Somalia,"57,841 "
52807100,5280,NLD,Netherlands,7100,ZAF,South Africa,"1,798,123 "
52807280,5280,NLD,Netherlands,7280,SSD,South Sudan,"107,443 "
52808000,5280,NLD,Netherlands,8000,UGA,Uganda,"3,346,211 "
52808850,5280,NLD,Netherlands,8850,YEM,Yemen,"1,754,499 "
52808940,5280,NLD,Netherlands,8940,ZMB,Zambia,"2,448,984 "
554040,5540,NZL,New Zealand,40,AFG,Afghanistan,"337,103 "
55401840,5540,NZL,New Zealand,1840,COK,Cook Islands,"2,986,713 "
55402420,5540,NZL,New Zealand,2420,FJI,Fiji,"501,599 "
55403600,5540,NZL,New Zealand,3600,IDN,Indonesia,"714,746 "
55405200,5540,NZL,New Zealand,5200,NRU,Nauru,"675,222 "
55405240,5540,NZL,New Zealand,5240,NPL,Nepal,"131,562 "
55405700,5540,NZL,New Zealand,5700,NIU,Niue,"671,361 "
55405980,5540,NZL,New Zealand,5980,PNG,Papua New Guinea,"126,873 "
55406080,5540,NZL,New Zealand,6080,PHL,Philippines,"46,093 "
55408820,5540,NZL,New Zealand,8820,WSM,Samoa,"2,072,342 "
5540900,5540,NZL,New Zealand,900,SLB,Solomon Islands,"9,993,004 "
55406260,5540,NZL,New Zealand,6260,TLS,Timor-Leste,"718,906 "
55407720,5540,NZL,New Zealand,7720,TKL,Tokelau,"1,004,129 "
55407760,5540,NZL,New Zealand,7760,TON,Tonga,"2,026,261 "
55405480,5540,NZL,New Zealand,5480,VUT,Vanuatu,"3,229,781 "
55408680,5540,NZL,New Zealand,8680,VNM,Viet Nam,"1,348,299 "
578040,5780,NOR,Norway,40,AFG,Afghanistan,"4,894,908 "
578080,5780,NOR,Norway,80,ALB,Albania,"5,104 "
5780240,5780,NOR,Norway,240,AGO,Angola,"269,800 "
5780380,5780,NOR,Norway,380,AZE,Azerbaijan,"80,565 "
5780500,5780,NOR,Norway,500,BGD,Bangladesh,"595,435 "
57808050,5780,NOR,Norway,8050,BLR,Belarus,"88,364 "
5780680,5780,NOR,Norway,680,BOL,Bolivia,"1,075,356 "
5780570,5780,NOR,Norway,570,BIH,Bosnia and Herzegovina,"211,090 "
5780760,5780,NOR,Norway,760,BRA,Brazil,"338,032 "
57808540,5780,NOR,Norway,8540,BFA,Burkina Faso,"252,142 "
57801080,5780,NOR,Norway,1080,BDI,Burundi,"3,562,934 "
57804060,5780,NOR,Norway,4060,KHM,Cambodia,"1,609,596 "
57801560,5780,NOR,Norway,1560,CHN,China,"177,668 "
57801700,5780,NOR,Norway,1700,COL,Colombia,"643,511 "
57803840,5780,NOR,Norway,3840,CIV,Côte d'Ivoire,"226,473 "
57808920,5780,NOR,Norway,8920,COD,Democratic Republic of the Congo,"897,182 "
57802180,5780,NOR,Norway,2180,ECU,Ecuador,"243,001 "
57802200,5780,NOR,Norway,2200,EGY,Egypt,"1,701 "
57802270,5780,NOR,Norway,2270,ERI,Eritrea,"4,299 "
57802300,5780,NOR,Norway,2300,ETH,Ethiopia,"1,674,574 "
57802720,5780,NOR,Norway,2720,GEO,Georgia,"202,846 "
57802880,5780,NOR,Norway,2880,GHA,Ghana,"41,364 "
57803200,5780,NOR,Norway,3200,GTM,Guatemala,"507,866 "
57803320,5780,NOR,Norway,3320,HTI,Haiti,"42,762 "
57803600,5780,NOR,Norway,3600,IDN,Indonesia,"31,899 "
57804000,5780,NOR,Norway,4000,JOR,Jordan,989 
57804040,5780,NOR,Norway,4040,KEN,Kenya,"582,105 "
57804160,5780,NOR,Norway,4160,KGZ,Kyrgyzstan,"43,531 "
57804180,5780,NOR,Norway,4180,LAO,Lao People's Democratic Republic,"629,496 "
57804220,5780,NOR,Norway,4220,LBN,Lebanon,"513,421 "
57804300,5780,NOR,Norway,4300,LBR,Liberia,"575,158 "
57804500,5780,NOR,Norway,4500,MDG,Madagascar,"7,421,940 "
57804540,5780,NOR,Norway,4540,MWI,Malawi,"1,283,634 "
57804660,5780,NOR,Norway,4660,MLI,Mali,"1,714,037 "
57805080,5780,NOR,Norway,5080,MOZ,Mozambique,"2,109,281 "
57801040,5780,NOR,Norway,1040,MMR,Myanmar,"142,790 "
57805240,5780,NOR,Norway,5240,NPL,Nepal,"4,575,308 "
57805580,5780,NOR,Norway,5580,NIC,Nicaragua,"2,057,389 "
57805620,5780,NOR,Norway,5620,NER,Niger,"206,652 "
57805860,5780,NOR,Norway,5860,PAK,Pakistan,"2,619,704 "
57806000,5780,NOR,Norway,6000,PRY,Paraguay,"225,561 "
57806040,5780,NOR,Norway,6040,PER,Peru,"646,818 "
57806860,5780,NOR,Norway,6860,SEN,Senegal,"16,332 "
57806880,5780,NOR,Norway,6880,SRB,Serbia,"145,109 "
57807060,5780,NOR,Norway,7060,SOM,Somalia,"6,422,612 "
57807100,5780,NOR,Norway,7100,ZAF,South Africa,"220,125 "
57807280,5780,NOR,Norway,7280,SSD,South Sudan,"3,066,117 "
57807340,5780,NOR,Norway,7340,LKA,Sri Lanka,"168,012 "
57807290,5780,NOR,Norway,7290,SDN,Sudan,"177,441 "
57807600,5780,NOR,Norway,7600,SYR,Syrian Arab Republic,"3,870,364 "
57807610,5780,NOR,Norway,7610,TJK,Tajikistan,"68,789 "
57804480,5780,NOR,Norway,4480,MKD,The former Yugoslav Republic of Macedonia,"85,986 "
57808000,5780,NOR,Norway,8000,UGA,Uganda,"7,377,479 "
57807620,5780,NOR,Norway,7620,TZA,United Republic of Tanzania,"2,662,397 "
57808680,5780,NOR,Norway,8680,VNM,Viet Nam,"16,746 "
57808940,5780,NOR,Norway,8940,ZMB,Zambia,"3,002,037 "
57807160,5780,NOR,Norway,7160,ZWE,Zimbabwe,"2,239,299 "
616040,6160,POL,Poland,40,AFG,Afghanistan,"25,438 "
6160340,6160,POL,Poland,340,ARM,Armenia,"15,787 "
6160380,6160,POL,Poland,380,AZE,Azerbaijan,"3,847 "
61608050,6160,POL,Poland,8050,BLR,Belarus,"10,572 "
61604060,6160,POL,Poland,4060,KHM,Cambodia,"3,408 "
61602200,6160,POL,Poland,2200,EGY,Egypt,"3,785 "
61602300,6160,POL,Poland,2300,ETH,Ethiopia,"7,400 "
61602720,6160,POL,Poland,2720,GEO,Georgia,"11,162 "
61602880,6160,POL,Poland,2880,GHA,Ghana,"11,752 "
61603200,6160,POL,Poland,3200,GTM,Guatemala,"3,461 "
61603560,6160,POL,Poland,3560,IND,India,"1,839 "
61603600,6160,POL,Poland,3600,IDN,Indonesia,"6,297 "
61604000,6160,POL,Poland,4000,JOR,Jordan,"7,834 "
61604040,6160,POL,Poland,4040,KEN,Kenya,"41,634 "
61604160,6160,POL,Poland,4160,KGZ,Kyrgyzstan,"11,391 "
61604180,6160,POL,Poland,4180,LAO,Lao People's Democratic Republic,"1,640 "
61604990,6160,POL,Poland,4990,MNE,Montenegro,"3,936 "
61605860,6160,POL,Poland,5860,PAK,Pakistan,"6,185 "
61605980,6160,POL,Poland,5980,PNG,Papua New Guinea,"6,007 "
61606040,6160,POL,Poland,6040,PER,Peru,"10,911 "
61606220,6160,POL,Poland,6220,MDA,Republic of Moldova,"13,391 "
61606860,6160,POL,Poland,6860,SEN,Senegal,"6,839 "
61606880,6160,POL,Poland,6880,SRB,Serbia,"8,171 "
61607100,6160,POL,Poland,7100,ZAF,South Africa,"6,700 "
61607400,6160,POL,Poland,7400,SUR,Suriname,"1,798 "
61604480,6160,POL,Poland,4480,MKD,The former Yugoslav Republic of Macedonia,"4,524 "
61607880,6160,POL,Poland,7880,TUN,Tunisia,"5,496 "
61608070,6160,POL,Poland,8070,UKR,Ukraine,"4,161 "
61607620,6160,POL,Poland,7620,TZA,United Republic of Tanzania,"42,362 "
61608940,6160,POL,Poland,8940,ZMB,Zambia,681 
6200240,6200,PRT,Portugal,240,AGO,Angola,"533,458 "
62001320,6200,PRT,Portugal,1320,CPV,Cabo Verde,"175,125 "
62006240,6200,PRT,Portugal,6240,GNB,Guinea-Bissau,"631,347 "
62003560,6200,PRT,Portugal,3560,IND,India,"42,453 "
62005080,6200,PRT,Portugal,5080,MOZ,Mozambique,"3,695,741 "
62005160,6200,PRT,Portugal,5160,NAM,Namibia,"62,019 "
62006780,6200,PRT,Portugal,6780,STP,Sao Tome and Principe,"66,851 "
62007100,6200,PRT,Portugal,7100,ZAF,South Africa,"337,441 "
62007480,6200,PRT,Portugal,7480,SWZ,Swaziland,"35,997 "
62006260,6200,PRT,Portugal,6260,TLS,Timor-Leste,"4,969,837 "
62008620,6200,PRT,Portugal,8620,VEN,Venezuela,"14,859 "
62007160,6200,PRT,Portugal,7160,ZWE,Zimbabwe,"14,195 "
672040,6720,SVK,Slovakia,40,AFG,Afghanistan,"11,645 "
672080,6720,SVK,Slovakia,80,ALB,Albania,"2,150 "
67208050,6720,SVK,Slovakia,8050,BLR,Belarus,483 
6720570,6720,SVK,Slovakia,570,BIH,Bosnia and Herzegovina,"9,723 "
67204060,6720,SVK,Slovakia,4060,KHM,Cambodia,"5,030 "
67201560,6720,SVK,Slovakia,1560,CHN,China,"23,420 "
67203560,6720,SVK,Slovakia,3560,IND,India,"1,163 "
67204040,6720,SVK,Slovakia,4040,KEN,Kenya,"64,025 "
67204260,6720,SVK,Slovakia,4260,LSO,Lesotho,"4,550 "
67204960,6720,SVK,Slovakia,4960,MNG,Mongolia,"5,133 "
67204990,6720,SVK,Slovakia,4990,MNE,Montenegro,"2,183 "
67206880,6720,SVK,Slovakia,6880,SRB,Serbia,"54,943 "
67207280,6720,SVK,Slovakia,7280,SSD,South Sudan,"99,585 "
67208000,6720,SVK,Slovakia,8000,UGA,Uganda,"3,185 "
67208070,6720,SVK,Slovakia,8070,UKR,Ukraine,"128,313 "
67208680,6720,SVK,Slovakia,8680,VNM,Viet Nam,"1,163 "
676040,6760,SVN,Slovenia,40,AFG,Afghanistan,"43,069 "
6760570,6760,SVN,Slovenia,570,BIH,Bosnia and Herzegovina,"34,929 "
67604990,6760,SVN,Slovenia,4990,MNE,Montenegro,"385,219 "
67606220,6760,SVN,Slovenia,6220,MDA,Republic of Moldova,"49,957 "
67606460,6760,SVN,Slovenia,6460,RWA,Rwanda,"9,958 "
67604480,6760,SVN,Slovenia,4480,MKD,The former Yugoslav Republic of Macedonia,"45,622 "
67608000,6760,SVN,Slovenia,8000,UGA,Uganda,"16,051 "
724040,7240,ESP,Spain,40,AFG,Afghanistan,"80,334 "
7240120,7240,ESP,Spain,120,DZA,Algeria,"499,857 "
7240240,7240,ESP,Spain,240,AGO,Angola,590 
7240320,7240,ESP,Spain,320,ARG,Argentina,"71,372 "
72402040,7240,ESP,Spain,2040,BEN,Benin,"80,161 "
7240680,7240,ESP,Spain,680,BOL,Bolivia,"1,712,472 "
7240570,7240,ESP,Spain,570,BIH,Bosnia and Herzegovina,"5,311 "
7240760,7240,ESP,Spain,760,BRA,Brazil,"2,179,805 "
72408540,7240,ESP,Spain,8540,BFA,Burkina Faso,"159,989 "
72401080,7240,ESP,Spain,1080,BDI,Burundi,"5,988 "
72401320,7240,ESP,Spain,1320,CPV,Cabo Verde,"7,721 "
72404060,7240,ESP,Spain,4060,KHM,Cambodia,"9,374 "
72401200,7240,ESP,Spain,1200,CMR,Cameroon,"137,134 "
72401400,7240,ESP,Spain,1400,CAF,Central African Republic,"7,473 "
72401480,7240,ESP,Spain,1480,TCD,Chad,"325,315 "
72401520,7240,ESP,Spain,1520,CHL,Chile,"3,388 "
72401560,7240,ESP,Spain,1560,CHN,China,"706,225 "
72401700,7240,ESP,Spain,1700,COL,Colombia,"288,177 "
72401780,7240,ESP,Spain,1780,COG,Congo,"265,453 "
72401880,7240,ESP,Spain,1880,CRI,Costa Rica,"3,823 "
72403840,7240,ESP,Spain,3840,CIV,Côte d'Ivoire,"13,241 "
72401920,7240,ESP,Spain,1920,CUB,Cuba,"630,786 "
72408920,7240,ESP,Spain,8920,COD,Democratic Republic of the Congo,"1,300,303 "
72402140,7240,ESP,Spain,2140,DOM,Dominican Republic,"997,177 "
72402180,7240,ESP,Spain,2180,ECU,Ecuador,"554,735 "
72402200,7240,ESP,Spain,2200,EGY,Egypt,"298,519 "
72402220,7240,ESP,Spain,2220,SLV,El Salvador,"1,091,165 "
72402260,7240,ESP,Spain,2260,GNQ,Equatorial Guinea,"2,115,994 "
72402300,7240,ESP,Spain,2300,ETH,Ethiopia,"34,773 "
72402700,7240,ESP,Spain,2700,GMB,Gambia,"241,491 "
72402880,7240,ESP,Spain,2880,GHA,Ghana,"72,931 "
72403200,7240,ESP,Spain,3200,GTM,Guatemala,"840,237 "
72403240,7240,ESP,Spain,3240,GIN,Guinea,"5,435 "
72406240,7240,ESP,Spain,6240,GNB,Guinea-Bissau,"595,266 "
72403320,7240,ESP,Spain,3320,HTI,Haiti,"690,543 "
72403400,7240,ESP,Spain,3400,HND,Honduras,"216,263 "
72403560,7240,ESP,Spain,3560,IND,India,"1,179,436 "
72404000,7240,ESP,Spain,4000,JOR,Jordan,"176,579 "
72404040,7240,ESP,Spain,4040,KEN,Kenya,"53,468 "
72404220,7240,ESP,Spain,4220,LBN,Lebanon,"389,101 "
72404500,7240,ESP,Spain,4500,MDG,Madagascar,"43,800 "
72404540,7240,ESP,Spain,4540,MWI,Malawi,"40,949 "
72404660,7240,ESP,Spain,4660,MLI,Mali,"504,341 "
72404780,7240,ESP,Spain,4780,MRT,Mauritania,"513,287 "
72404840,7240,ESP,Spain,4840,MEX,Mexico,"164,895 "
72404960,7240,ESP,Spain,4960,MNG,Mongolia,964 
72405040,7240,ESP,Spain,5040,MAR,Morocco,"5,707,704 "
72405080,7240,ESP,Spain,5080,MOZ,Mozambique,"1,353,216 "
72401040,7240,ESP,Spain,1040,MMR,Myanmar,848 
72405240,7240,ESP,Spain,5240,NPL,Nepal,"16,491 "
72405580,7240,ESP,Spain,5580,NIC,Nicaragua,"1,082,320 "
72405860,7240,ESP,Spain,5860,PAK,Pakistan,"7,384 "
72405900,7240,ESP,Spain,5900,PAN,Panama,"41,805 "
72406000,7240,ESP,Spain,6000,PRY,Paraguay,"67,301 "
72406040,7240,ESP,Spain,6040,PER,Peru,"1,088,954 "
72406080,7240,ESP,Spain,6080,PHL,Philippines,"341,583 "
72406460,7240,ESP,Spain,6460,RWA,Rwanda,"54,456 "
72406860,7240,ESP,Spain,6860,SEN,Senegal,"757,561 "
72406880,7240,ESP,Spain,6880,SRB,Serbia,"304,794 "
72406940,7240,ESP,Spain,6940,SLE,Sierra Leone,"77,029 "
72407280,7240,ESP,Spain,7280,SSD,South Sudan,"43,702 "
72407340,7240,ESP,Spain,7340,LKA,Sri Lanka,"14,101 "
72407290,7240,ESP,Spain,7290,SDN,Sudan,"593,921 "
72407600,7240,ESP,Spain,7600,SYR,Syrian Arab Republic,"201,241 "
72406260,7240,ESP,Spain,6260,TLS,Timor-Leste,595 
72407680,7240,ESP,Spain,7680,TGO,Togo,"76,706 "
72407880,7240,ESP,Spain,7880,TUN,Tunisia,"155,668 "
72407920,7240,ESP,Spain,7920,TUR,Turkey,"502,810 "
72408000,7240,ESP,Spain,8000,UGA,Uganda,"19,996 "
72407620,7240,ESP,Spain,7620,TZA,United Republic of Tanzania,"33,897 "
72408580,7240,ESP,Spain,8580,URY,Uruguay,"23,215 "
72405480,7240,ESP,Spain,5480,VUT,Vanuatu,"12,495 "
72408620,7240,ESP,Spain,8620,VEN,Venezuela,"19,618 "
72408940,7240,ESP,Spain,8940,ZMB,Zambia,"10,654 "
72407160,7240,ESP,Spain,7160,ZWE,Zimbabwe,"10,978 "
752040,7520,SWE,Sweden,40,AFG,Afghanistan,"23,290,808 "
7520500,7520,SWE,Sweden,500,BGD,Bangladesh,"9,447,844 "
7520680,7520,SWE,Sweden,680,BOL,Bolivia,"2,259,517 "
7520720,7520,SWE,Sweden,720,BWA,Botswana,"143,245 "
75208540,7520,SWE,Sweden,8540,BFA,Burkina Faso,"796,289 "
75204060,7520,SWE,Sweden,4060,KHM,Cambodia,"5,053,104 "
75202300,7520,SWE,Sweden,2300,ETH,Ethiopia,"1,555,399 "
75202720,7520,SWE,Sweden,2720,GEO,Georgia,"195,756 "
75203560,7520,SWE,Sweden,3560,IND,India,"228,471 "
75204300,7520,SWE,Sweden,4300,LBR,Liberia,"1,094,756 "
75205080,7520,SWE,Sweden,5080,MOZ,Mozambique,"4,817,355 "
75205160,7520,SWE,Sweden,5160,NAM,Namibia,"18,467 "
75206460,7520,SWE,Sweden,6460,RWA,Rwanda,"27,044 "
75206860,7520,SWE,Sweden,6860,SEN,Senegal,"14,030 "
75207100,7520,SWE,Sweden,7100,ZAF,South Africa,"206,446 "
75207290,7520,SWE,Sweden,7290,SDN,Sudan,"65,427 "
75208000,7520,SWE,Sweden,8000,UGA,Uganda,"1,067 "
75207620,7520,SWE,Sweden,7620,TZA,United Republic of Tanzania,"6,786,976 "
756040,7560,CHE,Switzerland,40,AFG,Afghanistan,"1,732,163 "
756080,7560,CHE,Switzerland,80,ALB,Albania,"110,274 "
7560500,7560,CHE,Switzerland,500,BGD,Bangladesh,"1,919,539 "
75602040,7560,CHE,Switzerland,2040,BEN,Benin,"2,207,064 "
7560570,7560,CHE,Switzerland,570,BIH,Bosnia and Herzegovina,"66,667 "
75608540,7560,CHE,Switzerland,8540,BFA,Burkina Faso,"3,427,590 "
75601480,7560,CHE,Switzerland,1480,TCD,Chad,"1,169,101 "
75604090,7560,CHE,Switzerland,4090,PRK,Democratic People's Republic of Korea,"3,986 "
75608920,7560,CHE,Switzerland,8920,COD,Democratic Republic of the Congo,"3,901 "
75602200,7560,CHE,Switzerland,2200,EGY,Egypt,"50,944 "
75602880,7560,CHE,Switzerland,2880,GHA,Ghana,"1,137,809 "
75603320,7560,CHE,Switzerland,3320,HTI,Haiti,"1,589,732 "
75604000,7560,CHE,Switzerland,4000,JOR,Jordan,"269,437 "
75604220,7560,CHE,Switzerland,4220,LBN,Lebanon,"674,887 "
75604660,7560,CHE,Switzerland,4660,MLI,Mali,"3,070,449 "
75604960,7560,CHE,Switzerland,4960,MNG,Mongolia,"6,472 "
75605080,7560,CHE,Switzerland,5080,MOZ,Mozambique,"818,281 "
75601040,7560,CHE,Switzerland,1040,MMR,Myanmar,"1,126,185 "
75605620,7560,CHE,Switzerland,5620,NER,Niger,"3,516,111 "
75606460,7560,CHE,Switzerland,6460,RWA,Rwanda,"16,000 "
75606880,7560,CHE,Switzerland,6880,SRB,Serbia,"1,171,589 "
75607880,7560,CHE,Switzerland,7880,TUN,Tunisia,"35,404 "
75607620,7560,CHE,Switzerland,7620,TZA,United Republic of Tanzania,"62,894 "
75608680,7560,CHE,Switzerland,8680,VNM,Viet Nam,"431,593 "
812040,8120,ARE,United Arab Emirates,40,AFG,Afghanistan,"51,362 "
812080,8120,ARE,United Arab Emirates,80,ALB,Albania,"6,806 "
81202040,8120,ARE,United Arab Emirates,2040,BEN,Benin,"137,970 "
8120570,8120,ARE,United Arab Emirates,570,BIH,Bosnia and Herzegovina,"5,445 "
81208540,8120,ARE,United Arab Emirates,8540,BFA,Burkina Faso,"87,996 "
81201200,8120,ARE,United Arab Emirates,1200,CMR,Cameroon,"79,828 "
81201400,8120,ARE,United Arab Emirates,1400,CAF,Central African Republic,"70,399 "
81201480,8120,ARE,United Arab Emirates,1480,TCD,Chad,"257,354 "
81201740,8120,ARE,United Arab Emirates,1740,COM,Comoros,"121,269 "
81201780,8120,ARE,United Arab Emirates,1780,COG,Congo,"152,525 "
81202620,8120,ARE,United Arab Emirates,2620,DJI,Djibouti,"350,000 "
81202200,8120,ARE,United Arab Emirates,2200,EGY,Egypt,"167,900,000 "
81202270,8120,ARE,United Arab Emirates,2270,ERI,Eritrea,"2,500,000 "
81202420,8120,ARE,United Arab Emirates,2420,FJI,Fiji,"6,806 "
81202660,8120,ARE,United Arab Emirates,2660,GAB,Gabon,"1,808 "
81202700,8120,ARE,United Arab Emirates,2700,GMB,Gambia,"53,586 "
81202880,8120,ARE,United Arab Emirates,2880,GHA,Ghana,"74,245 "
81203600,8120,ARE,United Arab Emirates,3600,IDN,Indonesia,"1,634 "
81203680,8120,ARE,United Arab Emirates,3680,IRQ,Iraq,"283,147 "
81204020,8120,ARE,United Arab Emirates,4020,KAZ,Kazakhstan,"273,309 "
81204040,8120,ARE,United Arab Emirates,4040,KEN,Kenya,"405,481 "
81204220,8120,ARE,United Arab Emirates,4220,LBN,Lebanon,"3,256 "
81204580,8120,ARE,United Arab Emirates,4580,MYS,Malaysia,"99,112 "
81204620,8120,ARE,United Arab Emirates,4620,MDV,Maldives,"6,806 "
81204660,8120,ARE,United Arab Emirates,4660,MLI,Mali,"18,228 "
81204780,8120,ARE,United Arab Emirates,4780,MRT,Mauritania,"1,251 "
81204990,8120,ARE,United Arab Emirates,4990,MNE,Montenegro,"87,500 "
81205080,8120,ARE,United Arab Emirates,5080,MOZ,Mozambique,"176,512 "
81205620,8120,ARE,United Arab Emirates,5620,NER,Niger,"157,043 "
81205660,8120,ARE,United Arab Emirates,5660,NGA,Nigeria,"446,435 "
81205860,8120,ARE,United Arab Emirates,5860,PAK,Pakistan,"4,186,891 "
81206460,8120,ARE,United Arab Emirates,6460,RWA,Rwanda,"222,107 "
81206860,8120,ARE,United Arab Emirates,6860,SEN,Senegal,"85,580 "
81206900,8120,ARE,United Arab Emirates,6900,SYC,Seychelles,"6,806 "
81207060,8120,ARE,United Arab Emirates,7060,SOM,Somalia,"533,898 "
81207100,8120,ARE,United Arab Emirates,7100,ZAF,South Africa,"161,463 "
81207280,8120,ARE,United Arab Emirates,7280,SSD,South Sudan,"130,873 "
81207340,8120,ARE,United Arab Emirates,7340,LKA,Sri Lanka,"2,323 "
81207290,8120,ARE,United Arab Emirates,7290,SDN,Sudan,"465,502 "
81207610,8120,ARE,United Arab Emirates,7610,TJK,Tajikistan,"37,052 "
81207680,8120,ARE,United Arab Emirates,7680,TGO,Togo,"205,435 "
81207880,8120,ARE,United Arab Emirates,7880,TUN,Tunisia,"93,929 "
81208000,8120,ARE,United Arab Emirates,8000,UGA,Uganda,"108,769 "
81207620,8120,ARE,United Arab Emirates,7620,TZA,United Republic of Tanzania,"114,081 "
81208850,8120,ARE,United Arab Emirates,8850,YEM,Yemen,"49,755 "
826040,8260,GBR,United Kingdom of Great Britain and Northern Ireland,40,AFG,Afghanistan,"36,653,434 "
826080,8260,GBR,United Kingdom of Great Britain and Northern Ireland,80,ALB,Albania,"141,137 "
8260120,8260,GBR,United Kingdom of Great Britain and Northern Ireland,120,DZA,Algeria,"659,563 "
8260260,8260,GBR,United Kingdom of Great Britain and Northern Ireland,260,AIA,Anguilla,"2,208 "
8260320,8260,GBR,United Kingdom of Great Britain and Northern Ireland,320,ARG,Argentina,"641,155 "
8260340,8260,GBR,United Kingdom of Great Britain and Northern Ireland,340,ARM,Armenia,"129,873 "
8260380,8260,GBR,United Kingdom of Great Britain and Northern Ireland,380,AZE,Azerbaijan,"586,979 "
8260500,8260,GBR,United Kingdom of Great Britain and Northern Ireland,500,BGD,Bangladesh,"34,454,986 "
82608050,8260,GBR,United Kingdom of Great Britain and Northern Ireland,8050,BLR,Belarus,902 
8260580,8260,GBR,United Kingdom of Great Britain and Northern Ireland,580,BLZ,Belize,"1,914 "
8260570,8260,GBR,United Kingdom of Great Britain and Northern Ireland,570,BIH,Bosnia and Herzegovina,"185,006 "
8260720,8260,GBR,United Kingdom of Great Britain and Northern Ireland,720,BWA,Botswana,"217,828 "
8260760,8260,GBR,United Kingdom of Great Britain and Northern Ireland,760,BRA,Brazil,"2,438,749 "
82601080,8260,GBR,United Kingdom of Great Britain and Northern Ireland,1080,BDI,Burundi,"91,868 "
82604060,8260,GBR,United Kingdom of Great Britain and Northern Ireland,4060,KHM,Cambodia,"2,367 "
82601200,8260,GBR,United Kingdom of Great Britain and Northern Ireland,1200,CMR,Cameroon,"41,237 "
82601520,8260,GBR,United Kingdom of Great Britain and Northern Ireland,1520,CHL,Chile,"266,728 "
82601560,8260,GBR,United Kingdom of Great Britain and Northern Ireland,1560,CHN,China,"3,301,424 "
82601700,8260,GBR,United Kingdom of Great Britain and Northern Ireland,1700,COL,Colombia,"1,176,321 "
82601880,8260,GBR,United Kingdom of Great Britain and Northern Ireland,1880,CRI,Costa Rica,"2,219 "
82603840,8260,GBR,United Kingdom of Great Britain and Northern Ireland,3840,CIV,Côte d'Ivoire,"6,840 "
82601920,8260,GBR,United Kingdom of Great Britain and Northern Ireland,1920,CUB,Cuba,"97,930 "
82604090,8260,GBR,United Kingdom of Great Britain and Northern Ireland,4090,PRK,Democratic People's Republic of Korea,"99,463 "
82608920,8260,GBR,United Kingdom of Great Britain and Northern Ireland,8920,COD,Democratic Republic of the Congo,"339,879 "
82602620,8260,GBR,United Kingdom of Great Britain and Northern Ireland,2620,DJI,Djibouti,"3,090 "
82602120,8260,GBR,United Kingdom of Great Britain and Northern Ireland,2120,DMA,Dominica,"3,850 "
82602140,8260,GBR,United Kingdom of Great Britain and Northern Ireland,2140,DOM,Dominican Republic,"4,456 "
82602180,8260,GBR,United Kingdom of Great Britain and Northern Ireland,2180,ECU,Ecuador,"27,074 "
82602200,8260,GBR,United Kingdom of Great Britain and Northern Ireland,2200,EGY,Egypt,"1,723,166 "
82602270,8260,GBR,United Kingdom of Great Britain and Northern Ireland,2270,ERI,Eritrea,"22,702 "
82602300,8260,GBR,United Kingdom of Great Britain and Northern Ireland,2300,ETH,Ethiopia,"72,671,501 "
82602700,8260,GBR,United Kingdom of Great Britain and Northern Ireland,2700,GMB,Gambia,773 
82602720,8260,GBR,United Kingdom of Great Britain and Northern Ireland,2720,GEO,Georgia,"307,181 "
82602880,8260,GBR,United Kingdom of Great Britain and Northern Ireland,2880,GHA,Ghana,"36,690,185 "
82603200,8260,GBR,United Kingdom of Great Britain and Northern Ireland,3200,GTM,Guatemala,"3,909 "
82603280,8260,GBR,United Kingdom of Great Britain and Northern Ireland,3280,GUY,Guyana,"12,360 "
82603320,8260,GBR,United Kingdom of Great Britain and Northern Ireland,3320,HTI,Haiti,695 
82603560,8260,GBR,United Kingdom of Great Britain and Northern Ireland,3560,IND,India,"46,090,812 "
82603600,8260,GBR,United Kingdom of Great Britain and Northern Ireland,3600,IDN,Indonesia,"1,451,529 "
82603640,8260,GBR,United Kingdom of Great Britain and Northern Ireland,3640,IRN,Iran (Islamic Republic of),"209,984 "
82603680,8260,GBR,United Kingdom of Great Britain and Northern Ireland,3680,IRQ,Iraq,"1,183,837 "
82603880,8260,GBR,United Kingdom of Great Britain and Northern Ireland,3880,JAM,Jamaica,"30,127 "
82604000,8260,GBR,United Kingdom of Great Britain and Northern Ireland,4000,JOR,Jordan,"666,575 "
82604020,8260,GBR,United Kingdom of Great Britain and Northern Ireland,4020,KAZ,Kazakhstan,"816,542 "
82604040,8260,GBR,United Kingdom of Great Britain and Northern Ireland,4040,KEN,Kenya,"12,337,248 "
82604220,8260,GBR,United Kingdom of Great Britain and Northern Ireland,4220,LBN,Lebanon,"820,847 "
82604260,8260,GBR,United Kingdom of Great Britain and Northern Ireland,4260,LSO,Lesotho,"103,884 "
82604340,8260,GBR,United Kingdom of Great Britain and Northern Ireland,4340,LBY,Libya,"1,085,058 "
82604540,8260,GBR,United Kingdom of Great Britain and Northern Ireland,4540,MWI,Malawi,"21,367,144 "
82604580,8260,GBR,United Kingdom of Great Britain and Northern Ireland,4580,MYS,Malaysia,"802,967 "
82604800,8260,GBR,United Kingdom of Great Britain and Northern Ireland,4800,MUS,Mauritius,"330,682 "
82604840,8260,GBR,United Kingdom of Great Britain and Northern Ireland,4840,MEX,Mexico,"1,096,162 "
82605000,8260,GBR,United Kingdom of Great Britain and Northern Ireland,5000,MSR,Montserrat,"637,388 "
82605040,8260,GBR,United Kingdom of Great Britain and Northern Ireland,5040,MAR,Morocco,"503,755 "
82605080,8260,GBR,United Kingdom of Great Britain and Northern Ireland,5080,MOZ,Mozambique,"10,497,932 "
82601040,8260,GBR,United Kingdom of Great Britain and Northern Ireland,1040,MMR,Myanmar,"6,796,204 "
82605160,8260,GBR,United Kingdom of Great Britain and Northern Ireland,5160,NAM,Namibia,"192,679 "
82605240,8260,GBR,United Kingdom of Great Britain and Northern Ireland,5240,NPL,Nepal,"5,562,304 "
82605580,8260,GBR,United Kingdom of Great Britain and Northern Ireland,5580,NIC,Nicaragua,"1,304 "
82605620,8260,GBR,United Kingdom of Great Britain and Northern Ireland,5620,NER,Niger,"12,905 "
82605660,8260,GBR,United Kingdom of Great Britain and Northern Ireland,5660,NGA,Nigeria,"34,548,654 "
82605860,8260,GBR,United Kingdom of Great Britain and Northern Ireland,5860,PAK,Pakistan,"71,705,505 "
82605900,8260,GBR,United Kingdom of Great Britain and Northern Ireland,5900,PAN,Panama,"3,869 "
82605980,8260,GBR,United Kingdom of Great Britain and Northern Ireland,5980,PNG,Papua New Guinea,"2,736 "
82606040,8260,GBR,United Kingdom of Great Britain and Northern Ireland,6040,PER,Peru,"8,679 "
82606080,8260,GBR,United Kingdom of Great Britain and Northern Ireland,6080,PHL,Philippines,"219,185 "
82606220,8260,GBR,United Kingdom of Great Britain and Northern Ireland,6220,MDA,Republic of Moldova,298 
82606460,8260,GBR,United Kingdom of Great Britain and Northern Ireland,6460,RWA,Rwanda,"25,692,708 "
82606540,8260,GBR,United Kingdom of Great Britain and Northern Ireland,6540,SHN,Saint Helena,"1,173 "
82606560,8260,GBR,United Kingdom of Great Britain and Northern Ireland,6560,KNA,Saint Kitts and Nevis,"4,399 "
82606700,8260,GBR,United Kingdom of Great Britain and Northern Ireland,6700,VCT,Saint Vincent and the Grenadines,"13,290 "
82606860,8260,GBR,United Kingdom of Great Britain and Northern Ireland,6860,SEN,Senegal,"654,930 "
82606880,8260,GBR,United Kingdom of Great Britain and Northern Ireland,6880,SRB,Serbia,"578,961 "
82606940,8260,GBR,United Kingdom of Great Britain and Northern Ireland,6940,SLE,Sierra Leone,"7,220,416 "
8260900,8260,GBR,United Kingdom of Great Britain and Northern Ireland,900,SLB,Solomon Islands,"4,400 "
82607060,8260,GBR,United Kingdom of Great Britain and Northern Ireland,7060,SOM,Somalia,"45,468 "
82607100,8260,GBR,United Kingdom of Great Britain and Northern Ireland,7100,ZAF,South Africa,"1,758,552 "
82607280,8260,GBR,United Kingdom of Great Britain and Northern Ireland,7280,SSD,South Sudan,"16,934,314 "
82607340,8260,GBR,United Kingdom of Great Britain and Northern Ireland,7340,LKA,Sri Lanka,"461,592 "
82607290,8260,GBR,United Kingdom of Great Britain and Northern Ireland,7290,SDN,Sudan,"433,820 "
82607600,8260,GBR,United Kingdom of Great Britain and Northern Ireland,7600,SYR,Syrian Arab Republic,"214,302 "
82607610,8260,GBR,United Kingdom of Great Britain and Northern Ireland,7610,TJK,Tajikistan,"4,954 "
82607640,8260,GBR,United Kingdom of Great Britain and Northern Ireland,7640,THA,Thailand,"920,034 "
82604480,8260,GBR,United Kingdom of Great Britain and Northern Ireland,4480,MKD,The former Yugoslav Republic of Macedonia,"135,702 "
82607880,8260,GBR,United Kingdom of Great Britain and Northern Ireland,7880,TUN,Tunisia,"523,895 "
82607920,8260,GBR,United Kingdom of Great Britain and Northern Ireland,7920,TUR,Turkey,"2,267,525 "
82608000,8260,GBR,United Kingdom of Great Britain and Northern Ireland,8000,UGA,Uganda,"6,374,125 "
82608070,8260,GBR,United Kingdom of Great Britain and Northern Ireland,8070,UKR,Ukraine,"523,471 "
82607620,8260,GBR,United Kingdom of Great Britain and Northern Ireland,7620,TZA,United Republic of Tanzania,"33,317,230 "
82608580,8260,GBR,United Kingdom of Great Britain and Northern Ireland,8580,URY,Uruguay,"6,302 "
82608600,8260,GBR,United Kingdom of Great Britain and Northern Ireland,8600,UZB,Uzbekistan,"523,752 "
82608620,8260,GBR,United Kingdom of Great Britain and Northern Ireland,8620,VEN,Venezuela,"673,767 "
82608680,8260,GBR,United Kingdom of Great Britain and Northern Ireland,8680,VNM,Viet Nam,"3,756,980 "
82608850,8260,GBR,United Kingdom of Great Britain and Northern Ireland,8850,YEM,Yemen,"307,555 "
82608940,8260,GBR,United Kingdom of Great Britain and Northern Ireland,8940,ZMB,Zambia,"3,678,554 "
82607160,8260,GBR,United Kingdom of Great Britain and Northern Ireland,7160,ZWE,Zimbabwe,"30,712,130 "
840040,8400,USA,United States,40,AFG,Afghanistan,"44,338,390 "
840080,8400,USA,United States,80,ALB,Albania,"1,471,805 "
8400120,8400,USA,United States,120,DZA,Algeria,"8,896 "
8400240,8400,USA,United States,240,AGO,Angola,"1,319,991 "
8400260,8400,USA,United States,260,AIA,Anguilla,"474,777 "
8400320,8400,USA,United States,320,ARG,Argentina,"33,072 "
8400340,8400,USA,United States,340,ARM,Armenia,"5,619,203 "
8400380,8400,USA,United States,380,AZE,Azerbaijan,"1,483,339 "
8400500,8400,USA,United States,500,BGD,Bangladesh,"32,378,788 "
8400580,8400,USA,United States,580,BLZ,Belize,"853,229 "
84002040,8400,USA,United States,2040,BEN,Benin,"11,477,251 "
8400680,8400,USA,United States,680,BOL,Bolivia,"227,157 "
8400570,8400,USA,United States,570,BIH,Bosnia and Herzegovina,"211,753 "
8400760,8400,USA,United States,760,BRA,Brazil,"33,855 "
84008540,8400,USA,United States,8540,BFA,Burkina Faso,"15,077,622 "
84001080,8400,USA,United States,1080,BDI,Burundi,"2,761,308 "
84001320,8400,USA,United States,1320,CPV,Cabo Verde,"622,448 "
84004060,8400,USA,United States,4060,KHM,Cambodia,"1,373,857 "
84001200,8400,USA,United States,1200,CMR,Cameroon,"1,356,992 "
84001400,8400,USA,United States,1400,CAF,Central African Republic,"1,497,093 "
84001480,8400,USA,United States,1480,TCD,Chad,"23,429 "
84001520,8400,USA,United States,1520,CHL,Chile,"59,527 "
84001560,8400,USA,United States,1560,CHN,China,"2,136,691 "
84001700,8400,USA,United States,1700,COL,Colombia,"1,473,402 "
84001740,8400,USA,United States,1740,COM,Comoros,"718,818 "
84001880,8400,USA,United States,1880,CRI,Costa Rica,"1,841,289 "
84003840,8400,USA,United States,3840,CIV,Côte d'Ivoire,"24,652,680 "
84008920,8400,USA,United States,8920,COD,Democratic Republic of the Congo,"14,329,990 "
84002620,8400,USA,United States,2620,DJI,Djibouti,"3,580,861 "
84002120,8400,USA,United States,2120,DMA,Dominica,"496,881 "
84002140,8400,USA,United States,2140,DOM,Dominican Republic,"9,340,468 "
84002180,8400,USA,United States,2180,ECU,Ecuador,"1,368,388 "
84002200,8400,USA,United States,2200,EGY,Egypt,"17,583,760 "
84002220,8400,USA,United States,2220,SLV,El Salvador,"5,799,863 "
84002270,8400,USA,United States,2270,ERI,Eritrea,"6,437 "
84002300,8400,USA,United States,2300,ETH,Ethiopia,"31,309,310 "
84002420,8400,USA,United States,2420,FJI,Fiji,"62,589 "
84002660,8400,USA,United States,2660,GAB,Gabon,"270,000 "
84002700,8400,USA,United States,2700,GMB,Gambia,"1,593,664 "
84002720,8400,USA,United States,2720,GEO,Georgia,"3,959,833 "
84002880,8400,USA,United States,2880,GHA,Ghana,"34,418,980 "
84003200,8400,USA,United States,3200,GTM,Guatemala,"6,224,730 "
84003240,8400,USA,United States,3240,GIN,Guinea,"6,351,966 "
84006240,8400,USA,United States,6240,GNB,Guinea-Bissau,"6,452 "
84003280,8400,USA,United States,3280,GUY,Guyana,"1,123,137 "
84003320,8400,USA,United States,3320,HTI,Haiti,"5,195,890 "
84003400,8400,USA,United States,3400,HND,Honduras,"8,778,795 "
84003560,8400,USA,United States,3560,IND,India,"526,923 "
84003600,8400,USA,United States,3600,IDN,Indonesia,"17,816,186 "
84003680,8400,USA,United States,3680,IRQ,Iraq,"3,081,259 "
84003880,8400,USA,United States,3880,JAM,Jamaica,"5,244,712 "
84004000,8400,USA,United States,4000,JOR,Jordan,"50,640,070 "
84004040,8400,USA,United States,4040,KEN,Kenya,"32,705,902 "
84004160,8400,USA,United States,4160,KGZ,Kyrgyzstan,"4,478,601 "
84004180,8400,USA,United States,4180,LAO,Lao People's Democratic Republic,"427,964 "
84004220,8400,USA,United States,4220,LBN,Lebanon,"18,109,067 "
84004260,8400,USA,United States,4260,LSO,Lesotho,"5,386,082 "
84004300,8400,USA,United States,4300,LBR,Liberia,"24,979,177 "
84004500,8400,USA,United States,4500,MDG,Madagascar,"711,440 "
84004540,8400,USA,United States,4540,MWI,Malawi,"18,991,808 "
84004660,8400,USA,United States,4660,MLI,Mali,"20,720,998 "
84005840,8400,USA,United States,5840,MHL,Marshall Islands,"14,831,791 "
84004780,8400,USA,United States,4780,MRT,Mauritania,"4,038,905 "
84004800,8400,USA,United States,4800,MUS,Mauritius,"5,400,636 "
84004840,8400,USA,United States,4840,MEX,Mexico,"162,003 "
84004845,8400,USA,United States,4845,FSM,Micronesia,"28,244,516 "
84004960,8400,USA,United States,4960,MNG,Mongolia,"5,903,587 "
84005000,8400,USA,United States,5000,MSR,Montserrat,"641,860 "
84005040,8400,USA,United States,5040,MAR,Morocco,"8,065,474 "
84005080,8400,USA,United States,5080,MOZ,Mozambique,"14,267,752 "
84001040,8400,USA,United States,1040,MMR,Myanmar,"2,232,158 "
84005160,8400,USA,United States,5160,NAM,Namibia,"17,320,268 "
84005240,8400,USA,United States,5240,NPL,Nepal,"217,190 "
84005580,8400,USA,United States,5580,NIC,Nicaragua,"1,935,453 "
84005620,8400,USA,United States,5620,NER,Niger,"8,191,073 "
84005660,8400,USA,United States,5660,NGA,Nigeria,"10,123,089 "
84005860,8400,USA,United States,5860,PAK,Pakistan,"44,801,362 "
8400955,8400,USA,United States,955,PLW,Palau,"665,475 "
84005900,8400,USA,United States,5900,PAN,Panama,"1,199,603 "
84006000,8400,USA,United States,6000,PRY,Paraguay,"448,457 "
84006040,8400,USA,United States,6040,PER,Peru,"4,355,069 "
84006080,8400,USA,United States,6080,PHL,Philippines,"7,646,400 "
84006220,8400,USA,United States,6220,MDA,Republic of Moldova,"4,936,517 "
84006460,8400,USA,United States,6460,RWA,Rwanda,"12,190,044 "
84006560,8400,USA,United States,6560,KNA,Saint Kitts and Nevis,"1,263,707 "
84006620,8400,USA,United States,6620,LCA,Saint Lucia,"199,926 "
84008820,8400,USA,United States,8820,WSM,Samoa,"1,131,982 "
84006780,8400,USA,United States,6780,STP,Sao Tome and Principe,"84,576 "
84006860,8400,USA,United States,6860,SEN,Senegal,"16,575,442 "
84006880,8400,USA,United States,6880,SRB,Serbia,"15,033 "
84006900,8400,USA,United States,6900,SYC,Seychelles,"223,811 "
84006940,8400,USA,United States,6940,SLE,Sierra Leone,"4,661,073 "
8400900,8400,USA,United States,900,SLB,Solomon Islands,"102,040 "
84007060,8400,USA,United States,7060,SOM,Somalia,"4,337,905 "
84007100,8400,USA,United States,7100,ZAF,South Africa,"10,007,428 "
84007280,8400,USA,United States,7280,SSD,South Sudan,"15,663,826 "
84007340,8400,USA,United States,7340,LKA,Sri Lanka,"112,500 "
84007400,8400,USA,United States,7400,SUR,Suriname,"96,405 "
84007480,8400,USA,United States,7480,SWZ,Swaziland,"778,480 "
84007610,8400,USA,United States,7610,TJK,Tajikistan,"3,071,092 "
84007640,8400,USA,United States,7640,THA,Thailand,"1,703,328 "
84004480,8400,USA,United States,4480,MKD,The former Yugoslav Republic of Macedonia,"2,240,146 "
84006260,8400,USA,United States,6260,TLS,Timor-Leste,"103,250 "
84007680,8400,USA,United States,7680,TGO,Togo,"1,748,833 "
84007760,8400,USA,United States,7760,TON,Tonga,"870,377 "
84007880,8400,USA,United States,7880,TUN,Tunisia,"5,723,977 "
84007940,8400,USA,United States,7940,TKM,Turkmenistan,"506,708 "
84008000,8400,USA,United States,8000,UGA,Uganda,"9,341,271 "
84008070,8400,USA,United States,8070,UKR,Ukraine,"4,389,954 "
84007620,8400,USA,United States,7620,TZA,United Republic of Tanzania,"36,618,198 "
84005480,8400,USA,United States,5480,VUT,Vanuatu,"1,117,549 "
84008680,8400,USA,United States,8680,VNM,Viet Nam,"694,211 "
84008850,8400,USA,United States,8850,YEM,Yemen,"17,601,990 "
84008940,8400,USA,United States,8940,ZMB,Zambia,"11,923,844 "
84007160,8400,USA,United States,7160,ZWE,Zimbabwe,"20,250 "
