Code,UIS_Source_Code,ISO_Source_Code,Source,UIS_Target_Code,ISO_Target_Code,Target,Total
36040,360,AUS,Australia,40,AFG,Afghanistan,4057131
360500,360,AUS,Australia,500,BGD,Bangladesh,61074144
360640,360,AUS,Australia,640,BTN,Bhutan,136103
3604060,360,AUS,Australia,4060,KHM,Cambodia,7397
3601840,360,AUS,Australia,1840,COK,Cook Islands,9597
3602420,360,AUS,Australia,2420,FJI,Fiji,3416974
3603560,360,AUS,Australia,3560,IND,India,7958
3603600,360,AUS,Australia,3600,IDN,Indonesia,45539090
3603680,360,AUS,Australia,3680,IRQ,Iraq,646990
3602960,360,AUS,Australia,2960,KIR,Kiribati,6889470
3604180,360,AUS,Australia,4180,LAO,Lao People's Democratic Republic,10220128
3604620,360,AUS,Australia,4620,MDV,Maldives,158036
3605840,360,AUS,Australia,5840,MHL,Marshall Islands,9597
3604845,360,AUS,Australia,4845,FSM,Micronesia,19836
3604960,360,AUS,Australia,4960,MNG,Mongolia,499949
3601040,360,AUS,Australia,1040,MMR,Myanmar,12073058
3605200,360,AUS,Australia,5200,NRU,Nauru,157711
3605240,360,AUS,Australia,5240,NPL,Nepal,6056854
3605700,360,AUS,Australia,5700,NIU,Niue,1737858
3605860,360,AUS,Australia,5860,PAK,Pakistan,10117044
360955,360,AUS,Australia,955,PLW,Palau,78992
3605980,360,AUS,Australia,5980,PNG,Papua New Guinea,33235066
3606080,360,AUS,Australia,6080,PHL,Philippines,34867355
3608820,360,AUS,Australia,8820,WSM,Samoa,2402039
360900,360,AUS,Australia,900,SLB,Solomon Islands,1858106
3607340,360,AUS,Australia,7340,LKA,Sri Lanka,4557799
3606260,360,AUS,Australia,6260,TLS,Timor-Leste,2499322
3607760,360,AUS,Australia,7760,TON,Tonga,2892163
3607780,360,AUS,Australia,7780,TUV,Tuvalu,839432
3605480,360,AUS,Australia,5480,VUT,Vanuatu,4524106
3608680,360,AUS,Australia,8680,VNM,Viet Nam,111128
40040,400,AUT,Austria,40,AFG,Afghanistan,579
40080,400,AUT,Austria,80,ALB,Albania,232321
400120,400,AUT,Austria,120,DZA,Algeria,919
400320,400,AUT,Austria,320,ARG,Argentina,1774
400340,400,AUT,Austria,340,ARM,Armenia,6249
400380,400,AUT,Austria,380,AZE,Azerbaijan,1427
400500,400,AUT,Austria,500,BGD,Bangladesh,24206
4008050,400,AUT,Austria,8050,BLR,Belarus,2482
4002040,400,AUT,Austria,2040,BEN,Benin,1176
400680,400,AUT,Austria,680,BOL,Bolivia,122
400570,400,AUT,Austria,570,BIH,Bosnia and Herzegovina,135965
400760,400,AUT,Austria,760,BRA,Brazil,24381
4008540,400,AUT,Austria,8540,BFA,Burkina Faso,23710
4001080,400,AUT,Austria,1080,BDI,Burundi,12854
4001320,400,AUT,Austria,1320,CPV,Cabo Verde,206
4004060,400,AUT,Austria,4060,KHM,Cambodia,6316
4001200,400,AUT,Austria,1200,CMR,Cameroon,1976
4001520,400,AUT,Austria,1520,CHL,Chile,318
4001560,400,AUT,Austria,1560,CHN,China,4447
4001700,400,AUT,Austria,1700,COL,Colombia,7872
4001780,400,AUT,Austria,1780,COG,Congo,4905
4003840,400,AUT,Austria,3840,CIV,Côte d'Ivoire,2371
4001920,400,AUT,Austria,1920,CUB,Cuba,5595
4008920,400,AUT,Austria,8920,COD,Democratic Republic of the Congo,4893
4002200,400,AUT,Austria,2200,EGY,Egypt,2371
4002300,400,AUT,Austria,2300,ETH,Ethiopia,82755
4002700,400,AUT,Austria,2700,GMB,Gambia,4979
4002720,400,AUT,Austria,2720,GEO,Georgia,5593
4002880,400,AUT,Austria,2880,GHA,Ghana,18794
4003200,400,AUT,Austria,3200,GTM,Guatemala,50418
4003240,400,AUT,Austria,3240,GIN,Guinea,7198
4003560,400,AUT,Austria,3560,IND,India,46249
4003680,400,AUT,Austria,3680,IRQ,Iraq,16384
4004020,400,AUT,Austria,4020,KAZ,Kazakhstan,6357
4004040,400,AUT,Austria,4040,KEN,Kenya,59937
4004160,400,AUT,Austria,4160,KGZ,Kyrgyzstan,3101
4004500,400,AUT,Austria,4500,MDG,Madagascar,2352
4004840,400,AUT,Austria,4840,MEX,Mexico,33094
4004960,400,AUT,Austria,4960,MNG,Mongolia,14528
4004990,400,AUT,Austria,4990,MNE,Montenegro,96243
4005040,400,AUT,Austria,5040,MAR,Morocco,1176
4005080,400,AUT,Austria,5080,MOZ,Mozambique,338508
4005160,400,AUT,Austria,5160,NAM,Namibia,598
4005240,400,AUT,Austria,5240,NPL,Nepal,365
4005580,400,AUT,Austria,5580,NIC,Nicaragua,215733
4005620,400,AUT,Austria,5620,NER,Niger,2250
4005660,400,AUT,Austria,5660,NGA,Nigeria,22896
4005860,400,AUT,Austria,5860,PAK,Pakistan,664
4005980,400,AUT,Austria,5980,PNG,Papua New Guinea,60535
4006040,400,AUT,Austria,6040,PER,Peru,2879
4006220,400,AUT,Austria,6220,MDA,Republic of Moldova,123832
4006860,400,AUT,Austria,6860,SEN,Senegal,7877
4006880,400,AUT,Austria,6880,SRB,Serbia,88883
4006940,400,AUT,Austria,6940,SLE,Sierra Leone,122
4007100,400,AUT,Austria,7100,ZAF,South Africa,53581
4007280,400,AUT,Austria,7280,SSD,South Sudan,1328
4007340,400,AUT,Austria,7340,LKA,Sri Lanka,4979
4007610,400,AUT,Austria,7610,TJK,Tajikistan,2371
4007640,400,AUT,Austria,7640,THA,Thailand,598
4004480,400,AUT,Austria,4480,MKD,The former Yugoslav Republic of Macedonia,92190
4007680,400,AUT,Austria,7680,TGO,Togo,2722
4007880,400,AUT,Austria,7880,TUN,Tunisia,598
4007920,400,AUT,Austria,7920,TUR,Turkey,1674
4008000,400,AUT,Austria,8000,UGA,Uganda,66188
4008070,400,AUT,Austria,8070,UKR,Ukraine,101551
4007620,400,AUT,Austria,7620,TZA,United Republic of Tanzania,85094
4008600,400,AUT,Austria,8600,UZB,Uzbekistan,3161
4008680,400,AUT,Austria,8680,VNM,Viet Nam,4807
4008940,400,AUT,Austria,8940,ZMB,Zambia,2089
4007160,400,AUT,Austria,7160,ZWE,Zimbabwe,21229
56040,560,BEL,Belgium,40,AFG,Afghanistan,320213
560500,560,BEL,Belgium,500,BGD,Bangladesh,6640
5602040,560,BEL,Belgium,2040,BEN,Benin,23512
560680,560,BEL,Belgium,680,BOL,Bolivia,311907
5608540,560,BEL,Belgium,8540,BFA,Burkina Faso,93325
5601080,560,BEL,Belgium,1080,BDI,Burundi,1604109
5604060,560,BEL,Belgium,4060,KHM,Cambodia,774386
5601200,560,BEL,Belgium,1200,CMR,Cameroon,31136
5601400,560,BEL,Belgium,1400,CAF,Central African Republic,1617
5601700,560,BEL,Belgium,1700,COL,Colombia,358974
5608920,560,BEL,Belgium,8920,COD,Democratic Republic of the Congo,1831965
5602300,560,BEL,Belgium,2300,ETH,Ethiopia,47389
5602700,560,BEL,Belgium,2700,GMB,Gambia,5579
5602880,560,BEL,Belgium,2880,GHA,Ghana,354
5603200,560,BEL,Belgium,3200,GTM,Guatemala,11353
5603240,560,BEL,Belgium,3240,GIN,Guinea,2197
5603320,560,BEL,Belgium,3320,HTI,Haiti,12251
5603560,560,BEL,Belgium,3560,IND,India,40189
5603600,560,BEL,Belgium,3600,IDN,Indonesia,15807
5604040,560,BEL,Belgium,4040,KEN,Kenya,269952
5604180,560,BEL,Belgium,4180,LAO,Lao People's Democratic Republic,5226
5604220,560,BEL,Belgium,4220,LBN,Lebanon,996
5604300,560,BEL,Belgium,4300,LBR,Liberia,3588
5604540,560,BEL,Belgium,4540,MWI,Malawi,12432
5604660,560,BEL,Belgium,4660,MLI,Mali,25261
5605040,560,BEL,Belgium,5040,MAR,Morocco,1044
5605080,560,BEL,Belgium,5080,MOZ,Mozambique,719637
5601040,560,BEL,Belgium,1040,MMR,Myanmar,19280
5605240,560,BEL,Belgium,5240,NPL,Nepal,16214
5605580,560,BEL,Belgium,5580,NIC,Nicaragua,8150
5605620,560,BEL,Belgium,5620,NER,Niger,19347
5605660,560,BEL,Belgium,5660,NGA,Nigeria,5723
5605860,560,BEL,Belgium,5860,PAK,Pakistan,3213
5606040,560,BEL,Belgium,6040,PER,Peru,21118
5606080,560,BEL,Belgium,6080,PHL,Philippines,22202
5606220,560,BEL,Belgium,6220,MDA,Republic of Moldova,5022
5606460,560,BEL,Belgium,6460,RWA,Rwanda,2604425
5606860,560,BEL,Belgium,6860,SEN,Senegal,19411
5607100,560,BEL,Belgium,7100,ZAF,South Africa,511109
5607400,560,BEL,Belgium,7400,SUR,Suriname,23849
5607680,560,BEL,Belgium,7680,TGO,Togo,8245
5608000,560,BEL,Belgium,8000,UGA,Uganda,846835
5607620,560,BEL,Belgium,7620,TZA,United Republic of Tanzania,7737
5608680,560,BEL,Belgium,8680,VNM,Viet Nam,2926643
124040,1240,CAN,Canada,40,AFG,Afghanistan,16542221
1240120,1240,CAN,Canada,120,DZA,Algeria,12134
1240280,1240,CAN,Canada,280,ATG,Antigua and Barbuda,16577
1240320,1240,CAN,Canada,320,ARG,Argentina,30449
1240500,1240,CAN,Canada,500,BGD,Bangladesh,6657622
1240580,1240,CAN,Canada,580,BLZ,Belize,48415
12402040,1240,CAN,Canada,2040,BEN,Benin,613867
1240640,1240,CAN,Canada,640,BTN,Bhutan,13166
1240680,1240,CAN,Canada,680,BOL,Bolivia,1208263
1240720,1240,CAN,Canada,720,BWA,Botswana,64398
1240760,1240,CAN,Canada,760,BRA,Brazil,52911
12408540,1240,CAN,Canada,8540,BFA,Burkina Faso,9038092
12404060,1240,CAN,Canada,4060,KHM,Cambodia,80352
12401200,1240,CAN,Canada,1200,CMR,Cameroon,127049
12401520,1240,CAN,Canada,1520,CHL,Chile,154342
12401560,1240,CAN,Canada,1560,CHN,China,28747
12401700,1240,CAN,Canada,1700,COL,Colombia,4402037
12401880,1240,CAN,Canada,1880,CRI,Costa Rica,41967
12403840,1240,CAN,Canada,3840,CIV,Côte d'Ivoire,110951
12401920,1240,CAN,Canada,1920,CUB,Cuba,62489
12408920,1240,CAN,Canada,8920,COD,Democratic Republic of the Congo,591159
12402120,1240,CAN,Canada,2120,DMA,Dominica,2084
12402140,1240,CAN,Canada,2140,DOM,Dominican Republic,51593
12402180,1240,CAN,Canada,2180,ECU,Ecuador,19608
12402200,1240,CAN,Canada,2200,EGY,Egypt,386388
12402220,1240,CAN,Canada,2220,SLV,El Salvador,165604
12402300,1240,CAN,Canada,2300,ETH,Ethiopia,2515707
12402720,1240,CAN,Canada,2720,GEO,Georgia,10266
12402880,1240,CAN,Canada,2880,GHA,Ghana,3305048
12403080,1240,CAN,Canada,3080,GRD,Grenada,30522
12403200,1240,CAN,Canada,3200,GTM,Guatemala,207162
12403240,1240,CAN,Canada,3240,GIN,Guinea,68791
12403280,1240,CAN,Canada,3280,GUY,Guyana,109545
12403320,1240,CAN,Canada,3320,HTI,Haiti,8387429
12403400,1240,CAN,Canada,3400,HND,Honduras,645513
12403560,1240,CAN,Canada,3560,IND,India,837507
12403600,1240,CAN,Canada,3600,IDN,Indonesia,284340
12403880,1240,CAN,Canada,3880,JAM,Jamaica,154487
12404000,1240,CAN,Canada,4000,JOR,Jordan,3054946
12404040,1240,CAN,Canada,4040,KEN,Kenya,6487248
12404160,1240,CAN,Canada,4160,KGZ,Kyrgyzstan,152623
12404180,1240,CAN,Canada,4180,LAO,Lao People's Democratic Republic,27358
12404260,1240,CAN,Canada,4260,LSO,Lesotho,17707
12404300,1240,CAN,Canada,4300,LBR,Liberia,287549
12404340,1240,CAN,Canada,4340,LBY,Libya,7222
12404500,1240,CAN,Canada,4500,MDG,Madagascar,24633
12404540,1240,CAN,Canada,4540,MWI,Malawi,1331017
12404660,1240,CAN,Canada,4660,MLI,Mali,4684162
12404780,1240,CAN,Canada,4780,MRT,Mauritania,9590
12404840,1240,CAN,Canada,4840,MEX,Mexico,53205
12404960,1240,CAN,Canada,4960,MNG,Mongolia,52739
12405040,1240,CAN,Canada,5040,MAR,Morocco,1456313
12405080,1240,CAN,Canada,5080,MOZ,Mozambique,16443227
12405160,1240,CAN,Canada,5160,NAM,Namibia,5320
12405240,1240,CAN,Canada,5240,NPL,Nepal,81580
12405580,1240,CAN,Canada,5580,NIC,Nicaragua,537657
12405620,1240,CAN,Canada,5620,NER,Niger,92714
12405660,1240,CAN,Canada,5660,NGA,Nigeria,112631
12405860,1240,CAN,Canada,5860,PAK,Pakistan,5177934
12405900,1240,CAN,Canada,5900,PAN,Panama,24267
12405980,1240,CAN,Canada,5980,PNG,Papua New Guinea,18795
12406040,1240,CAN,Canada,6040,PER,Peru,3467176
12406080,1240,CAN,Canada,6080,PHL,Philippines,87784
12406460,1240,CAN,Canada,6460,RWA,Rwanda,790775
12406700,1240,CAN,Canada,6700,VCT,Saint Vincent and the Grenadines,15021
12406860,1240,CAN,Canada,6860,SEN,Senegal,22650173
12406880,1240,CAN,Canada,6880,SRB,Serbia,15931
12406940,1240,CAN,Canada,6940,SLE,Sierra Leone,291649
1240900,1240,CAN,Canada,900,SLB,Solomon Islands,11952
12407060,1240,CAN,Canada,7060,SOM,Somalia,24321
12407100,1240,CAN,Canada,7100,ZAF,South Africa,106059
12407280,1240,CAN,Canada,7280,SSD,South Sudan,1225841
12407340,1240,CAN,Canada,7340,LKA,Sri Lanka,135236
12407290,1240,CAN,Canada,7290,SDN,Sudan,520815
12407400,1240,CAN,Canada,7400,SUR,Suriname,13937
12407600,1240,CAN,Canada,7600,SYR,Syrian Arab Republic,27990
12407610,1240,CAN,Canada,7610,TJK,Tajikistan,244191
12407640,1240,CAN,Canada,7640,THA,Thailand,62583
12407880,1240,CAN,Canada,7880,TUN,Tunisia,16014
12407920,1240,CAN,Canada,7920,TUR,Turkey,10646
12408000,1240,CAN,Canada,8000,UGA,Uganda,305141
12408070,1240,CAN,Canada,8070,UKR,Ukraine,454335
12407620,1240,CAN,Canada,7620,TZA,United Republic of Tanzania,17032617
12408580,1240,CAN,Canada,8580,URY,Uruguay,23374
12408620,1240,CAN,Canada,8620,VEN,Venezuela,6843
12408680,1240,CAN,Canada,8680,VNM,Viet Nam,266694
12408850,1240,CAN,Canada,8850,YEM,Yemen,34132
12408940,1240,CAN,Canada,8940,ZMB,Zambia,76541
12407160,1240,CAN,Canada,7160,ZWE,Zimbabwe,9600
202040,2020,CZE,Czech Republic,40,AFG,Afghanistan,113018
2020120,2020,CZE,Czech Republic,120,DZA,Algeria,7783
2020240,2020,CZE,Czech Republic,240,AGO,Angola,129764
2020340,2020,CZE,Czech Republic,340,ARM,Armenia,2444
2020380,2020,CZE,Czech Republic,380,AZE,Azerbaijan,1917
20208050,2020,CZE,Czech Republic,8050,BLR,Belarus,1731
2020570,2020,CZE,Czech Republic,570,BIH,Bosnia and Herzegovina,13924
20204060,2020,CZE,Czech Republic,4060,KHM,Cambodia,17895
20201520,2020,CZE,Czech Republic,1520,CHL,Chile,1868
20202200,2020,CZE,Czech Republic,2200,EGY,Egypt,4841
20202300,2020,CZE,Czech Republic,2300,ETH,Ethiopia,109451
20202720,2020,CZE,Czech Republic,2720,GEO,Georgia,29286
20203240,2020,CZE,Czech Republic,3240,GIN,Guinea,5085
20203320,2020,CZE,Czech Republic,3320,HTI,Haiti,6388
20203880,2020,CZE,Czech Republic,3880,JAM,Jamaica,4782
20204040,2020,CZE,Czech Republic,4040,KEN,Kenya,2549
20204960,2020,CZE,Czech Republic,4960,MNG,Mongolia,16324
20204990,2020,CZE,Czech Republic,4990,MNE,Montenegro,2224
20201040,2020,CZE,Czech Republic,1040,MMR,Myanmar,3839
20205620,2020,CZE,Czech Republic,5620,NER,Niger,4706
20205660,2020,CZE,Czech Republic,5660,NGA,Nigeria,7176
20205860,2020,CZE,Czech Republic,5860,PAK,Pakistan,14641
20206000,2020,CZE,Czech Republic,6000,PRY,Paraguay,5118
20206220,2020,CZE,Czech Republic,6220,MDA,Republic of Moldova,314754
20206860,2020,CZE,Czech Republic,6860,SEN,Senegal,1291
20206880,2020,CZE,Czech Republic,6880,SRB,Serbia,25359
20207100,2020,CZE,Czech Republic,7100,ZAF,South Africa,618
20207280,2020,CZE,Czech Republic,7280,SSD,South Sudan,1278
20204480,2020,CZE,Czech Republic,4480,MKD,The former Yugoslav Republic of Macedonia,1664
20207920,2020,CZE,Czech Republic,7920,TUR,Turkey,3104
20207780,2020,CZE,Czech Republic,7780,TUV,Tuvalu,2044
20208070,2020,CZE,Czech Republic,8070,UKR,Ukraine,17807
20208680,2020,CZE,Czech Republic,8680,VNM,Viet Nam,4294
20208940,2020,CZE,Czech Republic,8940,ZMB,Zambia,7355
20207160,2020,CZE,Czech Republic,7160,ZWE,Zimbabwe,4317
208040,2080,DNK,Denmark,40,AFG,Afghanistan,12639064
2080240,2080,DNK,Denmark,240,AGO,Angola,5613
2080340,2080,DNK,Denmark,340,ARM,Armenia,56132
2080500,2080,DNK,Denmark,500,BGD,Bangladesh,14595
20802040,2080,DNK,Denmark,2040,BEN,Benin,5604212
2080640,2080,DNK,Denmark,640,BTN,Bhutan,18740
2080680,2080,DNK,Denmark,680,BOL,Bolivia,2924116
20808540,2080,DNK,Denmark,8540,BFA,Burkina Faso,4249181
20801560,2080,DNK,Denmark,1560,CHN,China,352708
20802880,2080,DNK,Denmark,2880,GHA,Ghana,2762297
20803200,2080,DNK,Denmark,3200,GTM,Guatemala,335239
20803400,2080,DNK,Denmark,3400,HND,Honduras,13904
20803640,2080,DNK,Denmark,3640,IRN,Iran (Islamic Republic of),11216
20804000,2080,DNK,Denmark,4000,JOR,Jordan,58210
20804040,2080,DNK,Denmark,4040,KEN,Kenya,106479
20804300,2080,DNK,Denmark,4300,LBR,Liberia,754331
20804540,2080,DNK,Denmark,4540,MWI,Malawi,215893
20804660,2080,DNK,Denmark,4660,MLI,Mali,6705
20805080,2080,DNK,Denmark,5080,MOZ,Mozambique,2055720
20801040,2080,DNK,Denmark,1040,MMR,Myanmar,2290583
20805240,2080,DNK,Denmark,5240,NPL,Nepal,5713748
20805580,2080,DNK,Denmark,5580,NIC,Nicaragua,785147
20805860,2080,DNK,Denmark,5860,PAK,Pakistan,2421372
20806940,2080,DNK,Denmark,6940,SLE,Sierra Leone,601090
20807060,2080,DNK,Denmark,7060,SOM,Somalia,1214363
20807100,2080,DNK,Denmark,7100,ZAF,South Africa,141712
20807280,2080,DNK,Denmark,7280,SSD,South Sudan,605106
20807600,2080,DNK,Denmark,7600,SYR,Syrian Arab Republic,126471
20807640,2080,DNK,Denmark,7640,THA,Thailand,17303
20807880,2080,DNK,Denmark,7880,TUN,Tunisia,252686
20808000,2080,DNK,Denmark,8000,UGA,Uganda,72972
20807620,2080,DNK,Denmark,7620,TZA,United Republic of Tanzania,2120629
20808680,2080,DNK,Denmark,8680,VNM,Viet Nam,432921
20808940,2080,DNK,Denmark,8940,ZMB,Zambia,505119
22808050,2280,EST,Estonia,8050,BLR,Belarus,1992
22806220,2280,EST,Estonia,6220,MDA,Republic of Moldova,23234
22808070,2280,EST,Estonia,8070,UKR,Ukraine,16928
22808850,2280,EST,Estonia,8850,YEM,Yemen,9958
246040,2460,FIN,Finland,40,AFG,Afghanistan,39522
2460240,2460,FIN,Finland,240,AGO,Angola,312813
2460320,2460,FIN,Finland,320,ARG,Argentina,24564
2460500,2460,FIN,Finland,500,BGD,Bangladesh,196054
24608050,2460,FIN,Finland,8050,BLR,Belarus,9191
24602040,2460,FIN,Finland,2040,BEN,Benin,49800
2460680,2460,FIN,Finland,680,BOL,Bolivia,706897
2460720,2460,FIN,Finland,720,BWA,Botswana,6572
2460760,2460,FIN,Finland,760,BRA,Brazil,41103
24601080,2460,FIN,Finland,1080,BDI,Burundi,7070
24604060,2460,FIN,Finland,4060,KHM,Cambodia,239698
24601520,2460,FIN,Finland,1520,CHL,Chile,80236
24601780,2460,FIN,Finland,1780,COG,Congo,5569
24608920,2460,FIN,Finland,8920,COD,Democratic Republic of the Congo,118583
24602180,2460,FIN,Finland,2180,ECU,Ecuador,51993
24602200,2460,FIN,Finland,2200,EGY,Egypt,55292
24602220,2460,FIN,Finland,2220,SLV,El Salvador,5796
24602300,2460,FIN,Finland,2300,ETH,Ethiopia,3913044
24602660,2460,FIN,Finland,2660,GAB,Gabon,11087
24602700,2460,FIN,Finland,2700,GMB,Gambia,23448
24603200,2460,FIN,Finland,3200,GTM,Guatemala,101352
24603320,2460,FIN,Finland,3320,HTI,Haiti,889366
24603560,2460,FIN,Finland,3560,IND,India,196966
24603600,2460,FIN,Finland,3600,IDN,Indonesia,192329
24603680,2460,FIN,Finland,3680,IRQ,Iraq,41525
24603880,2460,FIN,Finland,3880,JAM,Jamaica,2490
24604020,2460,FIN,Finland,4020,KAZ,Kazakhstan,13609
24604040,2460,FIN,Finland,4040,KEN,Kenya,282230
24604160,2460,FIN,Finland,4160,KGZ,Kyrgyzstan,38493
24604180,2460,FIN,Finland,4180,LAO,Lao People's Democratic Republic,367576
24604220,2460,FIN,Finland,4220,LBN,Lebanon,43149
24604300,2460,FIN,Finland,4300,LBR,Liberia,333795
24604500,2460,FIN,Finland,4500,MDG,Madagascar,199155
24604540,2460,FIN,Finland,4540,MWI,Malawi,233402
24604580,2460,FIN,Finland,4580,MYS,Malaysia,115039
24604840,2460,FIN,Finland,4840,MEX,Mexico,57626
24604960,2460,FIN,Finland,4960,MNG,Mongolia,25476
24605040,2460,FIN,Finland,5040,MAR,Morocco,13225
24605080,2460,FIN,Finland,5080,MOZ,Mozambique,6136334
24605160,2460,FIN,Finland,5160,NAM,Namibia,226133
24605240,2460,FIN,Finland,5240,NPL,Nepal,1752232
24605860,2460,FIN,Finland,5860,PAK,Pakistan,1743
2460955,2460,FIN,Finland,955,PLW,Palau,6995
24606040,2460,FIN,Finland,6040,PER,Peru,442872
24606220,2460,FIN,Finland,6220,MDA,Republic of Moldova,29263
24606620,2460,FIN,Finland,6620,LCA,Saint Lucia,8283
24606860,2460,FIN,Finland,6860,SEN,Senegal,136680
24606880,2460,FIN,Finland,6880,SRB,Serbia,26439
24606940,2460,FIN,Finland,6940,SLE,Sierra Leone,653026
24607060,2460,FIN,Finland,7060,SOM,Somalia,140477
24607100,2460,FIN,Finland,7100,ZAF,South Africa,166238
24607340,2460,FIN,Finland,7340,LKA,Sri Lanka,38795
24607290,2460,FIN,Finland,7290,SDN,Sudan,51955
24607480,2460,FIN,Finland,7480,SWZ,Swaziland,194594
24606260,2460,FIN,Finland,6260,TLS,Timor-Leste,329607
24607920,2460,FIN,Finland,7920,TUR,Turkey,4949
24608000,2460,FIN,Finland,8000,UGA,Uganda,1373103
24608070,2460,FIN,Finland,8070,UKR,Ukraine,49188
24607620,2460,FIN,Finland,7620,TZA,United Republic of Tanzania,2205008
24608580,2460,FIN,Finland,8580,URY,Uruguay,20693
24608620,2460,FIN,Finland,8620,VEN,Venezuela,1253
24608680,2460,FIN,Finland,8680,VNM,Viet Nam,82436
24608850,2460,FIN,Finland,8850,YEM,Yemen,8272
24608940,2460,FIN,Finland,8940,ZMB,Zambia,425614
24607160,2460,FIN,Finland,7160,ZWE,Zimbabwe,119635
250040,2500,FRA,France,40,AFG,Afghanistan,2349570
250080,2500,FRA,France,80,ALB,Albania,59023
2500120,2500,FRA,France,120,DZA,Algeria,1565293
2500240,2500,FRA,France,240,AGO,Angola,804955
2500320,2500,FRA,France,320,ARG,Argentina,1334586
2500340,2500,FRA,France,340,ARM,Armenia,276188
2500380,2500,FRA,France,380,AZE,Azerbaijan,41128
2500500,2500,FRA,France,500,BGD,Bangladesh,43790
25008050,2500,FRA,France,8050,BLR,Belarus,51613
25002040,2500,FRA,France,2040,BEN,Benin,523842
2500640,2500,FRA,France,640,BTN,Bhutan,26558
2500680,2500,FRA,France,680,BOL,Bolivia,1064895
2500570,2500,FRA,France,570,BIH,Bosnia and Herzegovina,73650
2500720,2500,FRA,France,720,BWA,Botswana,99022
2500760,2500,FRA,France,760,BRA,Brazil,1821560
25008540,2500,FRA,France,8540,BFA,Burkina Faso,6004507
25001080,2500,FRA,France,1080,BDI,Burundi,4049224
25001320,2500,FRA,France,1320,CPV,Cabo Verde,152522
25004060,2500,FRA,France,4060,KHM,Cambodia,1071250
25001200,2500,FRA,France,1200,CMR,Cameroon,1337440
25001400,2500,FRA,France,1400,CAF,Central African Republic,713778
25001480,2500,FRA,France,1480,TCD,Chad,3512976
25001520,2500,FRA,France,1520,CHL,Chile,2251602
25001560,2500,FRA,France,1560,CHN,China,579405
25001700,2500,FRA,France,1700,COL,Colombia,2768671
25001740,2500,FRA,France,1740,COM,Comoros,836796
25001780,2500,FRA,France,1780,COG,Congo,244434
25001880,2500,FRA,France,1880,CRI,Costa Rica,783336
25003840,2500,FRA,France,3840,CIV,Côte d'Ivoire,395455
25001920,2500,FRA,France,1920,CUB,Cuba,71683
25004090,2500,FRA,France,4090,PRK,Democratic People's Republic of Korea,102666
25008920,2500,FRA,France,8920,COD,Democratic Republic of the Congo,3446822
25002620,2500,FRA,France,2620,DJI,Djibouti,6305552
25002140,2500,FRA,France,2140,DOM,Dominican Republic,393021
25002180,2500,FRA,France,2180,ECU,Ecuador,1215839
25002200,2500,FRA,France,2200,EGY,Egypt,1839525
25002220,2500,FRA,France,2220,SLV,El Salvador,1403573
25002260,2500,FRA,France,2260,GNQ,Equatorial Guinea,383864
25002270,2500,FRA,France,2270,ERI,Eritrea,93761
25002300,2500,FRA,France,2300,ETH,Ethiopia,6011096
25002420,2500,FRA,France,2420,FJI,Fiji,38232
25002660,2500,FRA,France,2660,GAB,Gabon,1180591
25002700,2500,FRA,France,2700,GMB,Gambia,236951
25002720,2500,FRA,France,2720,GEO,Georgia,130967
25002880,2500,FRA,France,2880,GHA,Ghana,349906
25003200,2500,FRA,France,3200,GTM,Guatemala,1048440
25003240,2500,FRA,France,3240,GIN,Guinea,2319313
25006240,2500,FRA,France,6240,GNB,Guinea-Bissau,16087
25003320,2500,FRA,France,3320,HTI,Haiti,5578796
25003400,2500,FRA,France,3400,HND,Honduras,753825
25003560,2500,FRA,France,3560,IND,India,471790
25003600,2500,FRA,France,3600,IDN,Indonesia,196911
25003640,2500,FRA,France,3640,IRN,Iran (Islamic Republic of),162023
25003680,2500,FRA,France,3680,IRQ,Iraq,78604
25003880,2500,FRA,France,3880,JAM,Jamaica,29682
25004000,2500,FRA,France,4000,JOR,Jordan,293594
25004020,2500,FRA,France,4020,KAZ,Kazakhstan,163923
25004040,2500,FRA,France,4040,KEN,Kenya,263513
25004160,2500,FRA,France,4160,KGZ,Kyrgyzstan,32588
25004180,2500,FRA,France,4180,LAO,Lao People's Democratic Republic,661135
25004220,2500,FRA,France,4220,LBN,Lebanon,9097705
25004260,2500,FRA,France,4260,LSO,Lesotho,2436
25004300,2500,FRA,France,4300,LBR,Liberia,20056
25004340,2500,FRA,France,4340,LBY,Libya,139852
25004500,2500,FRA,France,4500,MDG,Madagascar,4472961
25004580,2500,FRA,France,4580,MYS,Malaysia,117198
25004660,2500,FRA,France,4660,MLI,Mali,2492012
25004780,2500,FRA,France,4780,MRT,Mauritania,1849701
25004800,2500,FRA,France,4800,MUS,Mauritius,1484606
25004840,2500,FRA,France,4840,MEX,Mexico,3091962
25004960,2500,FRA,France,4960,MNG,Mongolia,21514
25004990,2500,FRA,France,4990,MNE,Montenegro,10674
25005040,2500,FRA,France,5040,MAR,Morocco,7083117
25005080,2500,FRA,France,5080,MOZ,Mozambique,307703
25001040,2500,FRA,France,1040,MMR,Myanmar,49394
25005160,2500,FRA,France,5160,NAM,Namibia,28352
25005240,2500,FRA,France,5240,NPL,Nepal,9238
25005580,2500,FRA,France,5580,NIC,Nicaragua,236306
25005620,2500,FRA,France,5620,NER,Niger,7102123
25005660,2500,FRA,France,5660,NGA,Nigeria,1326452
25005860,2500,FRA,France,5860,PAK,Pakistan,37560
25005900,2500,FRA,France,5900,PAN,Panama,38089
25005980,2500,FRA,France,5980,PNG,Papua New Guinea,38340
25006000,2500,FRA,France,6000,PRY,Paraguay,331777
25006040,2500,FRA,France,6040,PER,Peru,915021
25006080,2500,FRA,France,6080,PHL,Philippines,54591
25006220,2500,FRA,France,6220,MDA,Republic of Moldova,57460
25006460,2500,FRA,France,6460,RWA,Rwanda,32330
25006620,2500,FRA,France,6620,LCA,Saint Lucia,1869
25006780,2500,FRA,France,6780,STP,Sao Tome and Principe,58800
25006860,2500,FRA,France,6860,SEN,Senegal,13681245
25006880,2500,FRA,France,6880,SRB,Serbia,480646
25006900,2500,FRA,France,6900,SYC,Seychelles,193324
25006940,2500,FRA,France,6940,SLE,Sierra Leone,11143
25007100,2500,FRA,France,7100,ZAF,South Africa,639848
25007280,2500,FRA,France,7280,SSD,South Sudan,10251
25007340,2500,FRA,France,7340,LKA,Sri Lanka,22171
25007290,2500,FRA,France,7290,SDN,Sudan,260299
25007480,2500,FRA,France,7480,SWZ,Swaziland,14936
25007600,2500,FRA,France,7600,SYR,Syrian Arab Republic,31898
25007610,2500,FRA,France,7610,TJK,Tajikistan,4417
25007640,2500,FRA,France,7640,THA,Thailand,164973
25004480,2500,FRA,France,4480,MKD,The former Yugoslav Republic of Macedonia,65511
25006260,2500,FRA,France,6260,TLS,Timor-Leste,61656
25007680,2500,FRA,France,7680,TGO,Togo,2199897
25007760,2500,FRA,France,7760,TON,Tonga,4056
25007880,2500,FRA,France,7880,TUN,Tunisia,5307496
25007920,2500,FRA,France,7920,TUR,Turkey,3193894
25007940,2500,FRA,France,7940,TKM,Turkmenistan,6033
25008000,2500,FRA,France,8000,UGA,Uganda,79358
25008070,2500,FRA,France,8070,UKR,Ukraine,350106
25007620,2500,FRA,France,7620,TZA,United Republic of Tanzania,270155
25008580,2500,FRA,France,8580,URY,Uruguay,745091
25008600,2500,FRA,France,8600,UZB,Uzbekistan,14561
25005480,2500,FRA,France,5480,VUT,Vanuatu,251429
25008620,2500,FRA,France,8620,VEN,Venezuela,1261790
25008680,2500,FRA,France,8680,VNM,Viet Nam,1495129
25008850,2500,FRA,France,8850,YEM,Yemen,30475
25008940,2500,FRA,France,8940,ZMB,Zambia,104535
25007160,2500,FRA,France,7160,ZWE,Zimbabwe,67032
276040,2760,DEU,Germany,40,AFG,Afghanistan,38064611
276080,2760,DEU,Germany,80,ALB,Albania,910511
2760120,2760,DEU,Germany,120,DZA,Algeria,30237
2760240,2760,DEU,Germany,240,AGO,Angola,10062
2760280,2760,DEU,Germany,280,ATG,Antigua and Barbuda,3152
2760320,2760,DEU,Germany,320,ARG,Argentina,3545772
2760340,2760,DEU,Germany,340,ARM,Armenia,328628
2760380,2760,DEU,Germany,380,AZE,Azerbaijan,57791
2760500,2760,DEU,Germany,500,BGD,Bangladesh,1412256
27608050,2760,DEU,Germany,8050,BLR,Belarus,431559
27602040,2760,DEU,Germany,2040,BEN,Benin,4345405
2760680,2760,DEU,Germany,680,BOL,Bolivia,1623001
2760570,2760,DEU,Germany,570,BIH,Bosnia and Herzegovina,2023298
2760760,2760,DEU,Germany,760,BRA,Brazil,7683806
27608540,2760,DEU,Germany,8540,BFA,Burkina Faso,1967633
27601080,2760,DEU,Germany,1080,BDI,Burundi,258297
27604060,2760,DEU,Germany,4060,KHM,Cambodia,144488
27601200,2760,DEU,Germany,1200,CMR,Cameroon,1008323
27601400,2760,DEU,Germany,1400,CAF,Central African Republic,1125
27601480,2760,DEU,Germany,1480,TCD,Chad,53480
27601520,2760,DEU,Germany,1520,CHL,Chile,3427928
27601560,2760,DEU,Germany,1560,CHN,China,6848930
27601700,2760,DEU,Germany,1700,COL,Colombia,2825201
27601780,2760,DEU,Germany,1780,COG,Congo,5112
27601840,2760,DEU,Germany,1840,COK,Cook Islands,8130
27601880,2760,DEU,Germany,1880,CRI,Costa Rica,853719
27603840,2760,DEU,Germany,3840,CIV,Côte d'Ivoire,746431
27601920,2760,DEU,Germany,1920,CUB,Cuba,28839
27604090,2760,DEU,Germany,4090,PRK,Democratic People's Republic of Korea,490
27608920,2760,DEU,Germany,8920,COD,Democratic Republic of the Congo,3826759
27602620,2760,DEU,Germany,2620,DJI,Djibouti,359754
27602140,2760,DEU,Germany,2140,DOM,Dominican Republic,12710
27602180,2760,DEU,Germany,2180,ECU,Ecuador,1917510
27602200,2760,DEU,Germany,2200,EGY,Egypt,13434218
27602220,2760,DEU,Germany,2220,SLV,El Salvador,512723
27602300,2760,DEU,Germany,2300,ETH,Ethiopia,457629
27602660,2760,DEU,Germany,2660,GAB,Gabon,10085
27602700,2760,DEU,Germany,2700,GMB,Gambia,1340
27602720,2760,DEU,Germany,2720,GEO,Georgia,662319
27602880,2760,DEU,Germany,2880,GHA,Ghana,1099762
27603200,2760,DEU,Germany,3200,GTM,Guatemala,3148354
27603240,2760,DEU,Germany,3240,GIN,Guinea,776855
27606240,2760,DEU,Germany,6240,GNB,Guinea-Bissau,1556
27603320,2760,DEU,Germany,3320,HTI,Haiti,264499
27603400,2760,DEU,Germany,3400,HND,Honduras,9421614
27603560,2760,DEU,Germany,3560,IND,India,4591844
27603600,2760,DEU,Germany,3600,IDN,Indonesia,1860466
27603640,2760,DEU,Germany,3640,IRN,Iran (Islamic Republic of),438401
27603680,2760,DEU,Germany,3680,IRQ,Iraq,235989
27604000,2760,DEU,Germany,4000,JOR,Jordan,914344
27604020,2760,DEU,Germany,4020,KAZ,Kazakhstan,886238
27604040,2760,DEU,Germany,4040,KEN,Kenya,5548700
27604160,2760,DEU,Germany,4160,KGZ,Kyrgyzstan,239465
27604180,2760,DEU,Germany,4180,LAO,Lao People's Democratic Republic,44777
27604220,2760,DEU,Germany,4220,LBN,Lebanon,431623
27604300,2760,DEU,Germany,4300,LBR,Liberia,192841
27604340,2760,DEU,Germany,4340,LBY,Libya,4393
27604500,2760,DEU,Germany,4500,MDG,Madagascar,83869
27604540,2760,DEU,Germany,4540,MWI,Malawi,5099497
27604580,2760,DEU,Germany,4580,MYS,Malaysia,702994
27604660,2760,DEU,Germany,4660,MLI,Mali,1954710
27604780,2760,DEU,Germany,4780,MRT,Mauritania,2693
27604800,2760,DEU,Germany,4800,MUS,Mauritius,3504
27604840,2760,DEU,Germany,4840,MEX,Mexico,4510532
27604960,2760,DEU,Germany,4960,MNG,Mongolia,264605
27604990,2760,DEU,Germany,4990,MNE,Montenegro,98766
27605040,2760,DEU,Germany,5040,MAR,Morocco,407445
27605080,2760,DEU,Germany,5080,MOZ,Mozambique,22458890
27601040,2760,DEU,Germany,1040,MMR,Myanmar,1720502
27605160,2760,DEU,Germany,5160,NAM,Namibia,1472992
27605240,2760,DEU,Germany,5240,NPL,Nepal,98997
27605580,2760,DEU,Germany,5580,NIC,Nicaragua,482809
27605620,2760,DEU,Germany,5620,NER,Niger,579529
27605660,2760,DEU,Germany,5660,NGA,Nigeria,195719
27605860,2760,DEU,Germany,5860,PAK,Pakistan,2553890
27605900,2760,DEU,Germany,5900,PAN,Panama,1800
27606000,2760,DEU,Germany,6000,PRY,Paraguay,614177
27606040,2760,DEU,Germany,6040,PER,Peru,3967707
27606080,2760,DEU,Germany,6080,PHL,Philippines,811034
27606220,2760,DEU,Germany,6220,MDA,Republic of Moldova,21414
27606460,2760,DEU,Germany,6460,RWA,Rwanda,1096059
27606860,2760,DEU,Germany,6860,SEN,Senegal,3123702
27606880,2760,DEU,Germany,6880,SRB,Serbia,669599
27606940,2760,DEU,Germany,6940,SLE,Sierra Leone,209146
27607100,2760,DEU,Germany,7100,ZAF,South Africa,5890252
27607280,2760,DEU,Germany,7280,SSD,South Sudan,1057695
27607340,2760,DEU,Germany,7340,LKA,Sri Lanka,1118710
27607290,2760,DEU,Germany,7290,SDN,Sudan,342036
27607600,2760,DEU,Germany,7600,SYR,Syrian Arab Republic,358573
27607610,2760,DEU,Germany,7610,TJK,Tajikistan,3743229
27607640,2760,DEU,Germany,7640,THA,Thailand,1112058
27604480,2760,DEU,Germany,4480,MKD,The former Yugoslav Republic of Macedonia,84808
27606260,2760,DEU,Germany,6260,TLS,Timor-Leste,192714
27607680,2760,DEU,Germany,7680,TGO,Togo,338443
27607880,2760,DEU,Germany,7880,TUN,Tunisia,243074
27607920,2760,DEU,Germany,7920,TUR,Turkey,4907465
27607940,2760,DEU,Germany,7940,TKM,Turkmenistan,21626
27608000,2760,DEU,Germany,8000,UGA,Uganda,416973
27608070,2760,DEU,Germany,8070,UKR,Ukraine,1907904
27607620,2760,DEU,Germany,7620,TZA,United Republic of Tanzania,976607
27608580,2760,DEU,Germany,8580,URY,Uruguay,770089
27608600,2760,DEU,Germany,8600,UZB,Uzbekistan,604830
27608620,2760,DEU,Germany,8620,VEN,Venezuela,1216460
27608680,2760,DEU,Germany,8680,VNM,Viet Nam,1032881
27608850,2760,DEU,Germany,8850,YEM,Yemen,13120727
27608940,2760,DEU,Germany,8940,ZMB,Zambia,1272166
27607160,2760,DEU,Germany,7160,ZWE,Zimbabwe,8199940
300080,3000,GRC,Greece,80,ALB,Albania,91737
3000320,3000,GRC,Greece,320,ARG,Argentina,80139
3000380,3000,GRC,Greece,380,AZE,Azerbaijan,7192
3000760,3000,GRC,Greece,760,BRA,Brazil,16906
30001520,3000,GRC,Greece,1520,CHL,Chile,3451
30001560,3000,GRC,Greece,1560,CHN,China,17858
30008920,3000,GRC,Greece,8920,COD,Democratic Republic of the Congo,28394
30002200,3000,GRC,Greece,2200,EGY,Egypt,273338
30002300,3000,GRC,Greece,2300,ETH,Ethiopia,38503
30002720,3000,GRC,Greece,2720,GEO,Georgia,11629
30004000,3000,GRC,Greece,4000,JOR,Jordan,2912
30004540,3000,GRC,Greece,4540,MWI,Malawi,3250
30004840,3000,GRC,Greece,4840,MEX,Mexico,10529
30004990,3000,GRC,Greece,4990,MNE,Montenegro,10183
30005040,3000,GRC,Greece,5040,MAR,Morocco,110534
30005900,3000,GRC,Greece,5900,PAN,Panama,5481
30006220,3000,GRC,Greece,6220,MDA,Republic of Moldova,5953
30006880,3000,GRC,Greece,6880,SRB,Serbia,34872
30007100,3000,GRC,Greece,7100,ZAF,South Africa,94210
30007290,3000,GRC,Greece,7290,SDN,Sudan,11277
30007640,3000,GRC,Greece,7640,THA,Thailand,5694
30007880,3000,GRC,Greece,7880,TUN,Tunisia,3705
30007920,3000,GRC,Greece,7920,TUR,Turkey,397833
30008070,3000,GRC,Greece,8070,UKR,Ukraine,87353
30008580,3000,GRC,Greece,8580,URY,Uruguay,8931
30008620,3000,GRC,Greece,8620,VEN,Venezuela,12387
30007160,3000,GRC,Greece,7160,ZWE,Zimbabwe,14121
35203320,3520,ISL,Iceland,3320,HTI,Haiti,57588
35204040,3520,ISL,Iceland,4040,KEN,Kenya,54748
35204540,3520,ISL,Iceland,4540,MWI,Malawi,994016
35205080,3520,ISL,Iceland,5080,MOZ,Mozambique,835739
35205860,3520,ISL,Iceland,5860,PAK,Pakistan,36167
35207060,3520,ISL,Iceland,7060,SOM,Somalia,39841
35207680,3520,ISL,Iceland,7680,TGO,Togo,24141
35208000,3520,ISL,Iceland,8000,UGA,Uganda,69530
372040,3720,IRL,Ireland,40,AFG,Afghanistan,159674
3720320,3720,IRL,Ireland,320,ARG,Argentina,12555
37202040,3720,IRL,Ireland,2040,BEN,Benin,64260
3720680,3720,IRL,Ireland,680,BOL,Bolivia,40078
3720760,3720,IRL,Ireland,760,BRA,Brazil,91126
37208540,3720,IRL,Ireland,8540,BFA,Burkina Faso,139311
37204060,3720,IRL,Ireland,4060,KHM,Cambodia,1518
37201200,3720,IRL,Ireland,1200,CMR,Cameroon,86527
37201700,3720,IRL,Ireland,1700,COL,Colombia,37755
37208920,3720,IRL,Ireland,8920,COD,Democratic Republic of the Congo,84695
37202200,3720,IRL,Ireland,2200,EGY,Egypt,35454
37202300,3720,IRL,Ireland,2300,ETH,Ethiopia,496571
37202880,3720,IRL,Ireland,2880,GHA,Ghana,52358
37203240,3720,IRL,Ireland,3240,GIN,Guinea,189734
37206240,3720,IRL,Ireland,6240,GNB,Guinea-Bissau,229308
37203320,3720,IRL,Ireland,3320,HTI,Haiti,99575
37203560,3720,IRL,Ireland,3560,IND,India,674018
37204040,3720,IRL,Ireland,4040,KEN,Kenya,800723
37204220,3720,IRL,Ireland,4220,LBN,Lebanon,29618
37204260,3720,IRL,Ireland,4260,LSO,Lesotho,70905
37204300,3720,IRL,Ireland,4300,LBR,Liberia,24386
37204540,3720,IRL,Ireland,4540,MWI,Malawi,106335
37204660,3720,IRL,Ireland,4660,MLI,Mali,15087
37204840,3720,IRL,Ireland,4840,MEX,Mexico,15515
37205080,3720,IRL,Ireland,5080,MOZ,Mozambique,5612606
37205240,3720,IRL,Ireland,5240,NPL,Nepal,1679
37205620,3720,IRL,Ireland,5620,NER,Niger,95075
37205660,3720,IRL,Ireland,5660,NGA,Nigeria,298815
37206040,3720,IRL,Ireland,6040,PER,Peru,231303
37206080,3720,IRL,Ireland,6080,PHL,Philippines,62007
37208820,3720,IRL,Ireland,8820,WSM,Samoa,13254
37206860,3720,IRL,Ireland,6860,SEN,Senegal,6522
37206940,3720,IRL,Ireland,6940,SLE,Sierra Leone,693134
37207100,3720,IRL,Ireland,7100,ZAF,South Africa,465486
37207280,3720,IRL,Ireland,7280,SSD,South Sudan,537833
37207290,3720,IRL,Ireland,7290,SDN,Sudan,505944
37207640,3720,IRL,Ireland,7640,THA,Thailand,32893
37206260,3720,IRL,Ireland,6260,TLS,Timor-Leste,12373
37208000,3720,IRL,Ireland,8000,UGA,Uganda,676842
37207620,3720,IRL,Ireland,7620,TZA,United Republic of Tanzania,1314982
37208580,3720,IRL,Ireland,8580,URY,Uruguay,2324
37208680,3720,IRL,Ireland,8680,VNM,Viet Nam,39774
37208940,3720,IRL,Ireland,8940,ZMB,Zambia,4963730
37207160,3720,IRL,Ireland,7160,ZWE,Zimbabwe,336986
380040,3800,ITA,Italy,40,AFG,Afghanistan,830422
380080,3800,ITA,Italy,80,ALB,Albania,1588515
3800120,3800,ITA,Italy,120,DZA,Algeria,6016
3800240,3800,ITA,Italy,240,AGO,Angola,84348
3800320,3800,ITA,Italy,320,ARG,Argentina,422317
3800340,3800,ITA,Italy,340,ARM,Armenia,100893
3800500,3800,ITA,Italy,500,BGD,Bangladesh,211996
38008050,3800,ITA,Italy,8050,BLR,Belarus,2523
38002040,3800,ITA,Italy,2040,BEN,Benin,259695
3800680,3800,ITA,Italy,680,BOL,Bolivia,93668
3800570,3800,ITA,Italy,570,BIH,Bosnia and Herzegovina,131156
3800760,3800,ITA,Italy,760,BRA,Brazil,876496
38008540,3800,ITA,Italy,8540,BFA,Burkina Faso,454684
38001080,3800,ITA,Italy,1080,BDI,Burundi,219503
38001320,3800,ITA,Italy,1320,CPV,Cabo Verde,19280
38004060,3800,ITA,Italy,4060,KHM,Cambodia,99737
38001200,3800,ITA,Italy,1200,CMR,Cameroon,175651
38001400,3800,ITA,Italy,1400,CAF,Central African Republic,33192
38001480,3800,ITA,Italy,1480,TCD,Chad,133693
38001520,3800,ITA,Italy,1520,CHL,Chile,611
38001560,3800,ITA,Italy,1560,CHN,China,24368
38001700,3800,ITA,Italy,1700,COL,Colombia,113195
38001780,3800,ITA,Italy,1780,COG,Congo,47796
38001880,3800,ITA,Italy,1880,CRI,Costa Rica,45965
38003840,3800,ITA,Italy,3840,CIV,Côte d'Ivoire,66922
38001920,3800,ITA,Italy,1920,CUB,Cuba,19744
38008920,3800,ITA,Italy,8920,COD,Democratic Republic of the Congo,488008
38002140,3800,ITA,Italy,2140,DOM,Dominican Republic,230517
38002180,3800,ITA,Italy,2180,ECU,Ecuador,245288
38002200,3800,ITA,Italy,2200,EGY,Egypt,197711
38002220,3800,ITA,Italy,2220,SLV,El Salvador,118543
38002260,3800,ITA,Italy,2260,GNQ,Equatorial Guinea,37087
38002270,3800,ITA,Italy,2270,ERI,Eritrea,109511
38002300,3800,ITA,Italy,2300,ETH,Ethiopia,3029571
38002660,3800,ITA,Italy,2660,GAB,Gabon,119635
38002720,3800,ITA,Italy,2720,GEO,Georgia,321
38003200,3800,ITA,Italy,3200,GTM,Guatemala,34710
38003320,3800,ITA,Italy,3320,HTI,Haiti,115257
38003400,3800,ITA,Italy,3400,HND,Honduras,1992
38003560,3800,ITA,Italy,3560,IND,India,874307
38003600,3800,ITA,Italy,3600,IDN,Indonesia,91477
38003640,3800,ITA,Italy,3640,IRN,Iran (Islamic Republic of),161
38004040,3800,ITA,Italy,4040,KEN,Kenya,563572
38004220,3800,ITA,Italy,4220,LBN,Lebanon,1559876
38004340,3800,ITA,Italy,4340,LBY,Libya,161
38004500,3800,ITA,Italy,4500,MDG,Madagascar,283028
38004540,3800,ITA,Italy,4540,MWI,Malawi,69806
38004660,3800,ITA,Italy,4660,MLI,Mali,236645
38004840,3800,ITA,Italy,4840,MEX,Mexico,99029
38004990,3800,ITA,Italy,4990,MNE,Montenegro,92072
38005040,3800,ITA,Italy,5040,MAR,Morocco,12150
38005080,3800,ITA,Italy,5080,MOZ,Mozambique,1535660
38001040,3800,ITA,Italy,1040,MMR,Myanmar,4684
38005240,3800,ITA,Italy,5240,NPL,Nepal,4405
38005580,3800,ITA,Italy,5580,NIC,Nicaragua,3485
38005620,3800,ITA,Italy,5620,NER,Niger,7553
38005660,3800,ITA,Italy,5660,NGA,Nigeria,73644
38005860,3800,ITA,Italy,5860,PAK,Pakistan,136024
38005980,3800,ITA,Italy,5980,PNG,Papua New Guinea,59110
38006000,3800,ITA,Italy,6000,PRY,Paraguay,5784
38006040,3800,ITA,Italy,6040,PER,Peru,253082
38006080,3800,ITA,Italy,6080,PHL,Philippines,306888
38006220,3800,ITA,Italy,6220,MDA,Republic of Moldova,8535
38006460,3800,ITA,Italy,6460,RWA,Rwanda,33259
38006860,3800,ITA,Italy,6860,SEN,Senegal,60942
38006880,3800,ITA,Italy,6880,SRB,Serbia,191410
38006940,3800,ITA,Italy,6940,SLE,Sierra Leone,74383
38007060,3800,ITA,Italy,7060,SOM,Somalia,83152
38007100,3800,ITA,Italy,7100,ZAF,South Africa,16596
38007280,3800,ITA,Italy,7280,SSD,South Sudan,910069
38007340,3800,ITA,Italy,7340,LKA,Sri Lanka,77167
38007290,3800,ITA,Italy,7290,SDN,Sudan,1588609
38007640,3800,ITA,Italy,7640,THA,Thailand,155067
38006260,3800,ITA,Italy,6260,TLS,Timor-Leste,433064
38007680,3800,ITA,Italy,7680,TGO,Togo,7626
38007920,3800,ITA,Italy,7920,TUR,Turkey,1446
38008000,3800,ITA,Italy,8000,UGA,Uganda,102931
38008070,3800,ITA,Italy,8070,UKR,Ukraine,33478
38007620,3800,ITA,Italy,7620,TZA,United Republic of Tanzania,232944
38008580,3800,ITA,Italy,8580,URY,Uruguay,16806
38008600,3800,ITA,Italy,8600,UZB,Uzbekistan,482
38008620,3800,ITA,Italy,8620,VEN,Venezuela,56968
38008680,3800,ITA,Italy,8680,VNM,Viet Nam,187732
38008940,3800,ITA,Italy,8940,ZMB,Zambia,38735
392040,3920,JPN,Japan,40,AFG,Afghanistan,39847317
392080,3920,JPN,Japan,80,ALB,Albania,59023
3920120,3920,JPN,Japan,120,DZA,Algeria,4895
3920240,3920,JPN,Japan,240,AGO,Angola,751463
3920280,3920,JPN,Japan,280,ATG,Antigua and Barbuda,8432
3920320,3920,JPN,Japan,320,ARG,Argentina,269558
3920340,3920,JPN,Japan,340,ARM,Armenia,100177
3920380,3920,JPN,Japan,380,AZE,Azerbaijan,106343
3920500,3920,JPN,Japan,500,BGD,Bangladesh,4406445
39208050,3920,JPN,Japan,8050,BLR,Belarus,41080
3920580,3920,JPN,Japan,580,BLZ,Belize,232513
39202040,3920,JPN,Japan,2040,BEN,Benin,8870333
3920640,3920,JPN,Japan,640,BTN,Bhutan,347259
3920680,3920,JPN,Japan,680,BOL,Bolivia,1136473
3920570,3920,JPN,Japan,570,BIH,Bosnia and Herzegovina,119122
3920720,3920,JPN,Japan,720,BWA,Botswana,108608
3920760,3920,JPN,Japan,760,BRA,Brazil,2467903
39208540,3920,JPN,Japan,8540,BFA,Burkina Faso,11399211
39201080,3920,JPN,Japan,1080,BDI,Burundi,74132
39204060,3920,JPN,Japan,4060,KHM,Cambodia,2651237
39201200,3920,JPN,Japan,1200,CMR,Cameroon,642976
39201400,3920,JPN,Japan,1400,CAF,Central African Republic,329045
39201480,3920,JPN,Japan,1480,TCD,Chad,27892
39201520,3920,JPN,Japan,1520,CHL,Chile,341120
39201560,3920,JPN,Japan,1560,CHN,China,14301719
39201700,3920,JPN,Japan,1700,COL,Colombia,1198943
39201740,3920,JPN,Japan,1740,COM,Comoros,117174
39201780,3920,JPN,Japan,1780,COG,Congo,41569
39201840,3920,JPN,Japan,1840,COK,Cook Islands,13969
39201880,3920,JPN,Japan,1880,CRI,Costa Rica,426161
39203840,3920,JPN,Japan,3840,CIV,Côte d'Ivoire,259740
39201920,3920,JPN,Japan,1920,CUB,Cuba,7400
39208920,3920,JPN,Japan,8920,COD,Democratic Republic of the Congo,34497
39202620,3920,JPN,Japan,2620,DJI,Djibouti,299193
39202120,3920,JPN,Japan,2120,DMA,Dominica,25130
39202140,3920,JPN,Japan,2140,DOM,Dominican Republic,686945
39202180,3920,JPN,Japan,2180,ECU,Ecuador,1627005
39202200,3920,JPN,Japan,2200,EGY,Egypt,623728
39202220,3920,JPN,Japan,2220,SLV,El Salvador,2087230
39202270,3920,JPN,Japan,2270,ERI,Eritrea,10080
39202300,3920,JPN,Japan,2300,ETH,Ethiopia,10103943
39202420,3920,JPN,Japan,2420,FJI,Fiji,1144704
39202660,3920,JPN,Japan,2660,GAB,Gabon,183945
39202700,3920,JPN,Japan,2700,GMB,Gambia,24501
39202720,3920,JPN,Japan,2720,GEO,Georgia,154922
39202880,3920,JPN,Japan,2880,GHA,Ghana,2754054
39203200,3920,JPN,Japan,3200,GTM,Guatemala,785200
39203240,3920,JPN,Japan,3240,GIN,Guinea,106422
39206240,3920,JPN,Japan,6240,GNB,Guinea-Bissau,2128930
39203280,3920,JPN,Japan,3280,GUY,Guyana,17985
39203320,3920,JPN,Japan,3320,HTI,Haiti,577973
39203400,3920,JPN,Japan,3400,HND,Honduras,2223628
39203560,3920,JPN,Japan,3560,IND,India,1008711
39203600,3920,JPN,Japan,3600,IDN,Indonesia,39564445
39203640,3920,JPN,Japan,3640,IRN,Iran (Islamic Republic of),306479
39203680,3920,JPN,Japan,3680,IRQ,Iraq,1774487
39203880,3920,JPN,Japan,3880,JAM,Jamaica,321167
39204000,3920,JPN,Japan,4000,JOR,Jordan,1356141
39204020,3920,JPN,Japan,4020,KAZ,Kazakhstan,257319
39204040,3920,JPN,Japan,4040,KEN,Kenya,5237453
39202960,3920,JPN,Japan,2960,KIR,Kiribati,150741
39204160,3920,JPN,Japan,4160,KGZ,Kyrgyzstan,2777386
39204180,3920,JPN,Japan,4180,LAO,Lao People's Democratic Republic,3663624
39204220,3920,JPN,Japan,4220,LBN,Lebanon,118925
39204260,3920,JPN,Japan,4260,LSO,Lesotho,263987
39204300,3920,JPN,Japan,4300,LBR,Liberia,259055
39204500,3920,JPN,Japan,4500,MDG,Madagascar,45417
39204540,3920,JPN,Japan,4540,MWI,Malawi,3980020
39204580,3920,JPN,Japan,4580,MYS,Malaysia,873446
39204620,3920,JPN,Japan,4620,MDV,Maldives,503672
39204660,3920,JPN,Japan,4660,MLI,Mali,341479
39205840,3920,JPN,Japan,5840,MHL,Marshall Islands,599250
39204780,3920,JPN,Japan,4780,MRT,Mauritania,54994
39204800,3920,JPN,Japan,4800,MUS,Mauritius,21787
39204840,3920,JPN,Japan,4840,MEX,Mexico,311524
39204845,3920,JPN,Japan,4845,FSM,Micronesia,610902
39204960,3920,JPN,Japan,4960,MNG,Mongolia,9800429
39204990,3920,JPN,Japan,4990,MNE,Montenegro,163973
39205040,3920,JPN,Japan,5040,MAR,Morocco,14423547
39205080,3920,JPN,Japan,5080,MOZ,Mozambique,3890475
39201040,3920,JPN,Japan,1040,MMR,Myanmar,105117402
39205160,3920,JPN,Japan,5160,NAM,Namibia,637199
39205240,3920,JPN,Japan,5240,NPL,Nepal,7259079
39205580,3920,JPN,Japan,5580,NIC,Nicaragua,1228148
39205620,3920,JPN,Japan,5620,NER,Niger,1781601
39205660,3920,JPN,Japan,5660,NGA,Nigeria,1585177
39205700,3920,JPN,Japan,5700,NIU,Niue,8586
39205860,3920,JPN,Japan,5860,PAK,Pakistan,2228162
3920955,3920,JPN,Japan,955,PLW,Palau,476532
39205900,3920,JPN,Japan,5900,PAN,Panama,574129
39205980,3920,JPN,Japan,5980,PNG,Papua New Guinea,2000647
39206000,3920,JPN,Japan,6000,PRY,Paraguay,1540490
39206040,3920,JPN,Japan,6040,PER,Peru,452895
39206080,3920,JPN,Japan,6080,PHL,Philippines,7919502
39206220,3920,JPN,Japan,6220,MDA,Republic of Moldova,123554
39206460,3920,JPN,Japan,6460,RWA,Rwanda,456372
39206620,3920,JPN,Japan,6620,LCA,Saint Lucia,97337
39206700,3920,JPN,Japan,6700,VCT,Saint Vincent and the Grenadines,16858
39208820,3920,JPN,Japan,8820,WSM,Samoa,1229100
39206780,3920,JPN,Japan,6780,STP,Sao Tome and Principe,126168
39206860,3920,JPN,Japan,6860,SEN,Senegal,3699696
39206880,3920,JPN,Japan,6880,SRB,Serbia,421819
39206900,3920,JPN,Japan,6900,SYC,Seychelles,11521
39206940,3920,JPN,Japan,6940,SLE,Sierra Leone,118587
3920900,3920,JPN,Japan,900,SLB,Solomon Islands,311106
39207060,3920,JPN,Japan,7060,SOM,Somalia,4850000
39207100,3920,JPN,Japan,7100,ZAF,South Africa,806002
39207280,3920,JPN,Japan,7280,SSD,South Sudan,1729301
39207340,3920,JPN,Japan,7340,LKA,Sri Lanka,483803
39207290,3920,JPN,Japan,7290,SDN,Sudan,483693
39207480,3920,JPN,Japan,7480,SWZ,Swaziland,76447
39207600,3920,JPN,Japan,7600,SYR,Syrian Arab Republic,16746
39207610,3920,JPN,Japan,7610,TJK,Tajikistan,343696
39207640,3920,JPN,Japan,7640,THA,Thailand,1077568
39204480,3920,JPN,Japan,4480,MKD,The former Yugoslav Republic of Macedonia,116278
39206260,3920,JPN,Japan,6260,TLS,Timor-Leste,263786
39207680,3920,JPN,Japan,7680,TGO,Togo,68676
39207760,3920,JPN,Japan,7760,TON,Tonga,798471
39207880,3920,JPN,Japan,7880,TUN,Tunisia,227764
39207920,3920,JPN,Japan,7920,TUR,Turkey,185962
39207940,3920,JPN,Japan,7940,TKM,Turkmenistan,3051
39207780,3920,JPN,Japan,7780,TUV,Tuvalu,1179989
39208000,3920,JPN,Japan,8000,UGA,Uganda,762529
39208070,3920,JPN,Japan,8070,UKR,Ukraine,525135
39207620,3920,JPN,Japan,7620,TZA,United Republic of Tanzania,2367918
39208580,3920,JPN,Japan,8580,URY,Uruguay,245994
39208600,3920,JPN,Japan,8600,UZB,Uzbekistan,1540909
39205480,3920,JPN,Japan,5480,VUT,Vanuatu,874908
39208620,3920,JPN,Japan,8620,VEN,Venezuela,176110
39208680,3920,JPN,Japan,8680,VNM,Viet Nam,12566639
39208850,3920,JPN,Japan,8850,YEM,Yemen,176576
39208940,3920,JPN,Japan,8940,ZMB,Zambia,3795672
39207160,3920,JPN,Japan,7160,ZWE,Zimbabwe,255551
410040,4100,RKO,Korea,40,AFG,Afghanistan,3310563
4100120,4100,RKO,Korea,120,DZA,Algeria,3627
4100240,4100,RKO,Korea,240,AGO,Angola,214044
4100380,4100,RKO,Korea,380,AZE,Azerbaijan,89882
4100500,4100,RKO,Korea,500,BGD,Bangladesh,524594
41008050,4100,RKO,Korea,8050,BLR,Belarus,3971
41002040,4100,RKO,Korea,2040,BEN,Benin,24516
4100640,4100,RKO,Korea,640,BTN,Bhutan,16875
4100680,4100,RKO,Korea,680,BOL,Bolivia,91613
4100760,4100,RKO,Korea,760,BRA,Brazil,1594
41008540,4100,RKO,Korea,8540,BFA,Burkina Faso,88270
41001080,4100,RKO,Korea,1080,BDI,Burundi,7237
41004060,4100,RKO,Korea,4060,KHM,Cambodia,3201644
41001200,4100,RKO,Korea,1200,CMR,Cameroon,74252
41001400,4100,RKO,Korea,1400,CAF,Central African Republic,2673
41001480,4100,RKO,Korea,1480,TCD,Chad,17279
41001560,4100,RKO,Korea,1560,CHN,China,161618
41001700,4100,RKO,Korea,1700,COL,Colombia,3858081
41001740,4100,RKO,Korea,1740,COM,Comoros,7237
41008920,4100,RKO,Korea,8920,COD,Democratic Republic of the Congo,114004
41002140,4100,RKO,Korea,2140,DOM,Dominican Republic,245859
41002180,4100,RKO,Korea,2180,ECU,Ecuador,576159
41002200,4100,RKO,Korea,2200,EGY,Egypt,338743
41002220,4100,RKO,Korea,2220,SLV,El Salvador,604147
41002260,4100,RKO,Korea,2260,GNQ,Equatorial Guinea,5555
41002300,4100,RKO,Korea,2300,ETH,Ethiopia,1264638
41002420,4100,RKO,Korea,2420,FJI,Fiji,7006
41002700,4100,RKO,Korea,2700,GMB,Gambia,15877
41002720,4100,RKO,Korea,2720,GEO,Georgia,8372
41002880,4100,RKO,Korea,2880,GHA,Ghana,98826
41003200,4100,RKO,Korea,3200,GTM,Guatemala,589099
41003240,4100,RKO,Korea,3240,GIN,Guinea,17279
41003320,4100,RKO,Korea,3320,HTI,Haiti,1184718
41003560,4100,RKO,Korea,3560,IND,India,46527
41003600,4100,RKO,Korea,3600,IDN,Indonesia,1252069
41003640,4100,RKO,Korea,3640,IRN,Iran (Islamic Republic of),1356
41003680,4100,RKO,Korea,3680,IRQ,Iraq,1770999
41004000,4100,RKO,Korea,4000,JOR,Jordan,158625
41004020,4100,RKO,Korea,4020,KAZ,Kazakhstan,82396
41004040,4100,RKO,Korea,4040,KEN,Kenya,262518
41004160,4100,RKO,Korea,4160,KGZ,Kyrgyzstan,121845
41004180,4100,RKO,Korea,4180,LAO,Lao People's Democratic Republic,538637
41004260,4100,RKO,Korea,4260,LSO,Lesotho,27407
41004300,4100,RKO,Korea,4300,LBR,Liberia,34490
41004340,4100,RKO,Korea,4340,LBY,Libya,3563
41004500,4100,RKO,Korea,4500,MDG,Madagascar,43621
41004540,4100,RKO,Korea,4540,MWI,Malawi,232675
41004580,4100,RKO,Korea,4580,MYS,Malaysia,15760
41004620,4100,RKO,Korea,4620,MDV,Maldives,24516
41004660,4100,RKO,Korea,4660,MLI,Mali,121716
41004845,4100,RKO,Korea,4845,FSM,Micronesia,1313
41004960,4100,RKO,Korea,4960,MNG,Mongolia,2305737
41005040,4100,RKO,Korea,5040,MAR,Morocco,550130
41005080,4100,RKO,Korea,5080,MOZ,Mozambique,35863
41001040,4100,RKO,Korea,1040,MMR,Myanmar,266256
41005240,4100,RKO,Korea,5240,NPL,Nepal,1283449
41005580,4100,RKO,Korea,5580,NIC,Nicaragua,13057
41005620,4100,RKO,Korea,5620,NER,Niger,12258
41005660,4100,RKO,Korea,5660,NGA,Nigeria,1374634
41005860,4100,RKO,Korea,5860,PAK,Pakistan,322740
41005980,4100,RKO,Korea,5980,PNG,Papua New Guinea,4922
41006000,4100,RKO,Korea,6000,PRY,Paraguay,804771
41006040,4100,RKO,Korea,6040,PER,Peru,755840
41006080,4100,RKO,Korea,6080,PHL,Philippines,2453227
41006220,4100,RKO,Korea,6220,MDA,Republic of Moldova,8302
41006460,4100,RKO,Korea,6460,RWA,Rwanda,398150
41006560,4100,RKO,Korea,6560,KNA,Saint Kitts and Nevis,22589
41006860,4100,RKO,Korea,6860,SEN,Senegal,899807
41006940,4100,RKO,Korea,6940,SLE,Sierra Leone,8236
4100900,4100,RKO,Korea,900,SLB,Solomon Islands,11996
41007100,4100,RKO,Korea,7100,ZAF,South Africa,42561
41007340,4100,RKO,Korea,7340,LKA,Sri Lanka,2171679
41007290,4100,RKO,Korea,7290,SDN,Sudan,2355
41007610,4100,RKO,Korea,7610,TJK,Tajikistan,9828
41007640,4100,RKO,Korea,7640,THA,Thailand,478039
41006260,4100,RKO,Korea,6260,TLS,Timor-Leste,779805
41007680,4100,RKO,Korea,7680,TGO,Togo,3619
41007760,4100,RKO,Korea,7760,TON,Tonga,855
41007880,4100,RKO,Korea,7880,TUN,Tunisia,232493
41007920,4100,RKO,Korea,7920,TUR,Turkey,452
41007940,4100,RKO,Korea,7940,TKM,Turkmenistan,27631
41007780,4100,RKO,Korea,7780,TUV,Tuvalu,17279
41008000,4100,RKO,Korea,8000,UGA,Uganda,131652
41008070,4100,RKO,Korea,8070,UKR,Ukraine,12966
41007620,4100,RKO,Korea,7620,TZA,United Republic of Tanzania,202901
41008600,4100,RKO,Korea,8600,UZB,Uzbekistan,789154
41008620,4100,RKO,Korea,8620,VEN,Venezuela,999
41008680,4100,RKO,Korea,8680,VNM,Viet Nam,1893872
41008850,4100,RKO,Korea,8850,YEM,Yemen,41916
41008940,4100,RKO,Korea,8940,ZMB,Zambia,41111
41007160,4100,RKO,Korea,7160,ZWE,Zimbabwe,153027
41401320,4140,KWT,Kuwait,1320,CPV,Cabo Verde,980822
41402200,4140,KWT,Kuwait,2200,EGY,Egypt,124131
41403240,4140,KWT,Kuwait,3240,GIN,Guinea,183987
41403680,4140,KWT,Kuwait,3680,IRQ,Iraq,857355
41404220,4140,KWT,Kuwait,4220,LBN,Lebanon,625422
41407340,4140,KWT,Kuwait,7340,LKA,Sri Lanka,108948
41407290,4140,KWT,Kuwait,7290,SDN,Sudan,1346518
4420320,4420,LUX,Luxembourg,320,ARG,Argentina,12052
4420340,4420,LUX,Luxembourg,340,ARM,Armenia,17870
4420380,4420,LUX,Luxembourg,380,AZE,Azerbaijan,8807
4420500,4420,LUX,Luxembourg,500,BGD,Bangladesh,235698
44202040,4420,LUX,Luxembourg,2040,BEN,Benin,20671
4420680,4420,LUX,Luxembourg,680,BOL,Bolivia,77307
4420760,4420,LUX,Luxembourg,760,BRA,Brazil,330555
44208540,4420,LUX,Luxembourg,8540,BFA,Burkina Faso,1818404
44201080,4420,LUX,Luxembourg,1080,BDI,Burundi,443977
44201320,4420,LUX,Luxembourg,1320,CPV,Cabo Verde,125086
44201400,4420,LUX,Luxembourg,1400,CAF,Central African Republic,42343
44201520,4420,LUX,Luxembourg,1520,CHL,Chile,31864
44201700,4420,LUX,Luxembourg,1700,COL,Colombia,142607
44208920,4420,LUX,Luxembourg,8920,COD,Democratic Republic of the Congo,89090
44202180,4420,LUX,Luxembourg,2180,ECU,Ecuador,74195
44206240,4420,LUX,Luxembourg,6240,GNB,Guinea-Bissau,4595
44203320,4420,LUX,Luxembourg,3320,HTI,Haiti,64908
44203400,4420,LUX,Luxembourg,3400,HND,Honduras,20208
44203560,4420,LUX,Luxembourg,3560,IND,India,416361
44204040,4420,LUX,Luxembourg,4040,KEN,Kenya,297815
44204180,4420,LUX,Luxembourg,4180,LAO,Lao People's Democratic Republic,660715
44204220,4420,LUX,Luxembourg,4220,LBN,Lebanon,30849
44204540,4420,LUX,Luxembourg,4540,MWI,Malawi,28068
44204660,4420,LUX,Luxembourg,4660,MLI,Mali,363733
44205240,4420,LUX,Luxembourg,5240,NPL,Nepal,399280
44205580,4420,LUX,Luxembourg,5580,NIC,Nicaragua,869202
44205620,4420,LUX,Luxembourg,5620,NER,Niger,2512695
44206000,4420,LUX,Luxembourg,6000,PRY,Paraguay,77646
44206040,4420,LUX,Luxembourg,6040,PER,Peru,98145
44206460,4420,LUX,Luxembourg,6460,RWA,Rwanda,109161
44206860,4420,LUX,Luxembourg,6860,SEN,Senegal,296421
44207060,4420,LUX,Luxembourg,7060,SOM,Somalia,16788
44207100,4420,LUX,Luxembourg,7100,ZAF,South Africa,145616
44207280,4420,LUX,Luxembourg,7280,SSD,South Sudan,48903
44208000,4420,LUX,Luxembourg,8000,UGA,Uganda,100484
44208600,4420,LUX,Luxembourg,8600,UZB,Uzbekistan,10778
44208680,4420,LUX,Luxembourg,8680,VNM,Viet Nam,716884
528040,5280,NLD,Netherlands,40,AFG,Afghanistan,359583
5280500,5280,NLD,Netherlands,500,BGD,Bangladesh,8648187
5280640,5280,NLD,Netherlands,640,BTN,Bhutan,128535
5280680,5280,NLD,Netherlands,680,BOL,Bolivia,3093618
52808540,5280,NLD,Netherlands,8540,BFA,Burkina Faso,12722200
52802200,5280,NLD,Netherlands,2200,EGY,Egypt,288781
52802300,5280,NLD,Netherlands,2300,ETH,Ethiopia,2917794
52802880,5280,NLD,Netherlands,2880,GHA,Ghana,11074
52803560,5280,NLD,Netherlands,3560,IND,India,326251
52803600,5280,NLD,Netherlands,3600,IDN,Indonesia,6673504
52804220,5280,NLD,Netherlands,4220,LBN,Lebanon,1104
52804340,5280,NLD,Netherlands,4340,LBY,Libya,18092
52804660,5280,NLD,Netherlands,4660,MLI,Mali,4119336
52805080,5280,NLD,Netherlands,5080,MOZ,Mozambique,578406
52805580,5280,NLD,Netherlands,5580,NIC,Nicaragua,151607
52805860,5280,NLD,Netherlands,5860,PAK,Pakistan,9736934
52807060,5280,NLD,Netherlands,7060,SOM,Somalia,57841
52807100,5280,NLD,Netherlands,7100,ZAF,South Africa,1798123
52807280,5280,NLD,Netherlands,7280,SSD,South Sudan,107443
52808000,5280,NLD,Netherlands,8000,UGA,Uganda,3346211
52808850,5280,NLD,Netherlands,8850,YEM,Yemen,1754499
52808940,5280,NLD,Netherlands,8940,ZMB,Zambia,2448984
554040,5540,NZL,New Zealand,40,AFG,Afghanistan,337103
55401840,5540,NZL,New Zealand,1840,COK,Cook Islands,2986713
55402420,5540,NZL,New Zealand,2420,FJI,Fiji,501599
55403600,5540,NZL,New Zealand,3600,IDN,Indonesia,714746
55405200,5540,NZL,New Zealand,5200,NRU,Nauru,675222
55405240,5540,NZL,New Zealand,5240,NPL,Nepal,131562
55405700,5540,NZL,New Zealand,5700,NIU,Niue,671361
55405980,5540,NZL,New Zealand,5980,PNG,Papua New Guinea,126873
55406080,5540,NZL,New Zealand,6080,PHL,Philippines,46093
55408820,5540,NZL,New Zealand,8820,WSM,Samoa,2072342
5540900,5540,NZL,New Zealand,900,SLB,Solomon Islands,9993004
55406260,5540,NZL,New Zealand,6260,TLS,Timor-Leste,718906
55407720,5540,NZL,New Zealand,7720,TKL,Tokelau,1004129
55407760,5540,NZL,New Zealand,7760,TON,Tonga,2026261
55405480,5540,NZL,New Zealand,5480,VUT,Vanuatu,3229781
55408680,5540,NZL,New Zealand,8680,VNM,Viet Nam,1348299
578040,5780,NOR,Norway,40,AFG,Afghanistan,4894908
578080,5780,NOR,Norway,80,ALB,Albania,5104
5780240,5780,NOR,Norway,240,AGO,Angola,269800
5780380,5780,NOR,Norway,380,AZE,Azerbaijan,80565
5780500,5780,NOR,Norway,500,BGD,Bangladesh,595435
57808050,5780,NOR,Norway,8050,BLR,Belarus,88364
5780680,5780,NOR,Norway,680,BOL,Bolivia,1075356
5780570,5780,NOR,Norway,570,BIH,Bosnia and Herzegovina,211090
5780760,5780,NOR,Norway,760,BRA,Brazil,338032
57808540,5780,NOR,Norway,8540,BFA,Burkina Faso,252142
57801080,5780,NOR,Norway,1080,BDI,Burundi,3562934
57804060,5780,NOR,Norway,4060,KHM,Cambodia,1609596
57801560,5780,NOR,Norway,1560,CHN,China,177668
57801700,5780,NOR,Norway,1700,COL,Colombia,643511
57803840,5780,NOR,Norway,3840,CIV,Côte d'Ivoire,226473
57808920,5780,NOR,Norway,8920,COD,Democratic Republic of the Congo,897182
57802180,5780,NOR,Norway,2180,ECU,Ecuador,243001
57802200,5780,NOR,Norway,2200,EGY,Egypt,1701
57802270,5780,NOR,Norway,2270,ERI,Eritrea,4299
57802300,5780,NOR,Norway,2300,ETH,Ethiopia,1674574
57802720,5780,NOR,Norway,2720,GEO,Georgia,202846
57802880,5780,NOR,Norway,2880,GHA,Ghana,41364
57803200,5780,NOR,Norway,3200,GTM,Guatemala,507866
57803320,5780,NOR,Norway,3320,HTI,Haiti,42762
57803600,5780,NOR,Norway,3600,IDN,Indonesia,31899
57804000,5780,NOR,Norway,4000,JOR,Jordan,989
57804040,5780,NOR,Norway,4040,KEN,Kenya,582105
57804160,5780,NOR,Norway,4160,KGZ,Kyrgyzstan,43531
57804180,5780,NOR,Norway,4180,LAO,Lao People's Democratic Republic,629496
57804220,5780,NOR,Norway,4220,LBN,Lebanon,513421
57804300,5780,NOR,Norway,4300,LBR,Liberia,575158
57804500,5780,NOR,Norway,4500,MDG,Madagascar,7421940
57804540,5780,NOR,Norway,4540,MWI,Malawi,1283634
57804660,5780,NOR,Norway,4660,MLI,Mali,1714037
57805080,5780,NOR,Norway,5080,MOZ,Mozambique,2109281
57801040,5780,NOR,Norway,1040,MMR,Myanmar,142790
57805240,5780,NOR,Norway,5240,NPL,Nepal,4575308
57805580,5780,NOR,Norway,5580,NIC,Nicaragua,2057389
57805620,5780,NOR,Norway,5620,NER,Niger,206652
57805860,5780,NOR,Norway,5860,PAK,Pakistan,2619704
57806000,5780,NOR,Norway,6000,PRY,Paraguay,225561
57806040,5780,NOR,Norway,6040,PER,Peru,646818
57806860,5780,NOR,Norway,6860,SEN,Senegal,16332
57806880,5780,NOR,Norway,6880,SRB,Serbia,145109
57807060,5780,NOR,Norway,7060,SOM,Somalia,6422612
57807100,5780,NOR,Norway,7100,ZAF,South Africa,220125
57807280,5780,NOR,Norway,7280,SSD,South Sudan,3066117
57807340,5780,NOR,Norway,7340,LKA,Sri Lanka,168012
57807290,5780,NOR,Norway,7290,SDN,Sudan,177441
57807600,5780,NOR,Norway,7600,SYR,Syrian Arab Republic,3870364
57807610,5780,NOR,Norway,7610,TJK,Tajikistan,68789
57804480,5780,NOR,Norway,4480,MKD,The former Yugoslav Republic of Macedonia,85986
57808000,5780,NOR,Norway,8000,UGA,Uganda,7377479
57807620,5780,NOR,Norway,7620,TZA,United Republic of Tanzania,2662397
57808680,5780,NOR,Norway,8680,VNM,Viet Nam,16746
57808940,5780,NOR,Norway,8940,ZMB,Zambia,3002037
57807160,5780,NOR,Norway,7160,ZWE,Zimbabwe,2239299
616040,6160,POL,Poland,40,AFG,Afghanistan,25438
6160340,6160,POL,Poland,340,ARM,Armenia,15787
6160380,6160,POL,Poland,380,AZE,Azerbaijan,3847
61608050,6160,POL,Poland,8050,BLR,Belarus,10572
61604060,6160,POL,Poland,4060,KHM,Cambodia,3408
61602200,6160,POL,Poland,2200,EGY,Egypt,3785
61602300,6160,POL,Poland,2300,ETH,Ethiopia,7400
61602720,6160,POL,Poland,2720,GEO,Georgia,11162
61602880,6160,POL,Poland,2880,GHA,Ghana,11752
61603200,6160,POL,Poland,3200,GTM,Guatemala,3461
61603560,6160,POL,Poland,3560,IND,India,1839
61603600,6160,POL,Poland,3600,IDN,Indonesia,6297
61604000,6160,POL,Poland,4000,JOR,Jordan,7834
61604040,6160,POL,Poland,4040,KEN,Kenya,41634
61604160,6160,POL,Poland,4160,KGZ,Kyrgyzstan,11391
61604180,6160,POL,Poland,4180,LAO,Lao People's Democratic Republic,1640
61604990,6160,POL,Poland,4990,MNE,Montenegro,3936
61605860,6160,POL,Poland,5860,PAK,Pakistan,6185
61605980,6160,POL,Poland,5980,PNG,Papua New Guinea,6007
61606040,6160,POL,Poland,6040,PER,Peru,10911
61606220,6160,POL,Poland,6220,MDA,Republic of Moldova,13391
61606860,6160,POL,Poland,6860,SEN,Senegal,6839
61606880,6160,POL,Poland,6880,SRB,Serbia,8171
61607100,6160,POL,Poland,7100,ZAF,South Africa,6700
61607400,6160,POL,Poland,7400,SUR,Suriname,1798
61604480,6160,POL,Poland,4480,MKD,The former Yugoslav Republic of Macedonia,4524
61607880,6160,POL,Poland,7880,TUN,Tunisia,5496
61608070,6160,POL,Poland,8070,UKR,Ukraine,4161
61607620,6160,POL,Poland,7620,TZA,United Republic of Tanzania,42362
61608940,6160,POL,Poland,8940,ZMB,Zambia,681
6200240,6200,PRT,Portugal,240,AGO,Angola,533458
62001320,6200,PRT,Portugal,1320,CPV,Cabo Verde,175125
62006240,6200,PRT,Portugal,6240,GNB,Guinea-Bissau,631347
62003560,6200,PRT,Portugal,3560,IND,India,42453
62005080,6200,PRT,Portugal,5080,MOZ,Mozambique,3695741
62005160,6200,PRT,Portugal,5160,NAM,Namibia,62019
62006780,6200,PRT,Portugal,6780,STP,Sao Tome and Principe,66851
62007100,6200,PRT,Portugal,7100,ZAF,South Africa,337441
62007480,6200,PRT,Portugal,7480,SWZ,Swaziland,35997
62006260,6200,PRT,Portugal,6260,TLS,Timor-Leste,4969837
62008620,6200,PRT,Portugal,8620,VEN,Venezuela,14859
62007160,6200,PRT,Portugal,7160,ZWE,Zimbabwe,14195
672040,6720,SVK,Slovakia,40,AFG,Afghanistan,11645
672080,6720,SVK,Slovakia,80,ALB,Albania,2150
67208050,6720,SVK,Slovakia,8050,BLR,Belarus,483
6720570,6720,SVK,Slovakia,570,BIH,Bosnia and Herzegovina,9723
67204060,6720,SVK,Slovakia,4060,KHM,Cambodia,5030
67201560,6720,SVK,Slovakia,1560,CHN,China,23420
67203560,6720,SVK,Slovakia,3560,IND,India,1163
67204040,6720,SVK,Slovakia,4040,KEN,Kenya,64025
67204260,6720,SVK,Slovakia,4260,LSO,Lesotho,4550
67204960,6720,SVK,Slovakia,4960,MNG,Mongolia,5133
67204990,6720,SVK,Slovakia,4990,MNE,Montenegro,2183
67206880,6720,SVK,Slovakia,6880,SRB,Serbia,54943
67207280,6720,SVK,Slovakia,7280,SSD,South Sudan,99585
67208000,6720,SVK,Slovakia,8000,UGA,Uganda,3185
67208070,6720,SVK,Slovakia,8070,UKR,Ukraine,128313
67208680,6720,SVK,Slovakia,8680,VNM,Viet Nam,1163
676040,6760,SVN,Slovenia,40,AFG,Afghanistan,43069
6760570,6760,SVN,Slovenia,570,BIH,Bosnia and Herzegovina,34929
67604990,6760,SVN,Slovenia,4990,MNE,Montenegro,385219
67606220,6760,SVN,Slovenia,6220,MDA,Republic of Moldova,49957
67606460,6760,SVN,Slovenia,6460,RWA,Rwanda,9958
67604480,6760,SVN,Slovenia,4480,MKD,The former Yugoslav Republic of Macedonia,45622
67608000,6760,SVN,Slovenia,8000,UGA,Uganda,16051
724040,7240,ESP,Spain,40,AFG,Afghanistan,80334
7240120,7240,ESP,Spain,120,DZA,Algeria,499857
7240240,7240,ESP,Spain,240,AGO,Angola,590
7240320,7240,ESP,Spain,320,ARG,Argentina,71372
72402040,7240,ESP,Spain,2040,BEN,Benin,80161
7240680,7240,ESP,Spain,680,BOL,Bolivia,1712472
7240570,7240,ESP,Spain,570,BIH,Bosnia and Herzegovina,5311
7240760,7240,ESP,Spain,760,BRA,Brazil,2179805
72408540,7240,ESP,Spain,8540,BFA,Burkina Faso,159989
72401080,7240,ESP,Spain,1080,BDI,Burundi,5988
72401320,7240,ESP,Spain,1320,CPV,Cabo Verde,7721
72404060,7240,ESP,Spain,4060,KHM,Cambodia,9374
72401200,7240,ESP,Spain,1200,CMR,Cameroon,137134
72401400,7240,ESP,Spain,1400,CAF,Central African Republic,7473
72401480,7240,ESP,Spain,1480,TCD,Chad,325315
72401520,7240,ESP,Spain,1520,CHL,Chile,3388
72401560,7240,ESP,Spain,1560,CHN,China,706225
72401700,7240,ESP,Spain,1700,COL,Colombia,288177
72401780,7240,ESP,Spain,1780,COG,Congo,265453
72401880,7240,ESP,Spain,1880,CRI,Costa Rica,3823
72403840,7240,ESP,Spain,3840,CIV,Côte d'Ivoire,13241
72401920,7240,ESP,Spain,1920,CUB,Cuba,630786
72408920,7240,ESP,Spain,8920,COD,Democratic Republic of the Congo,1300303
72402140,7240,ESP,Spain,2140,DOM,Dominican Republic,997177
72402180,7240,ESP,Spain,2180,ECU,Ecuador,554735
72402200,7240,ESP,Spain,2200,EGY,Egypt,298519
72402220,7240,ESP,Spain,2220,SLV,El Salvador,1091165
72402260,7240,ESP,Spain,2260,GNQ,Equatorial Guinea,2115994
72402300,7240,ESP,Spain,2300,ETH,Ethiopia,34773
72402700,7240,ESP,Spain,2700,GMB,Gambia,241491
72402880,7240,ESP,Spain,2880,GHA,Ghana,72931
72403200,7240,ESP,Spain,3200,GTM,Guatemala,840237
72403240,7240,ESP,Spain,3240,GIN,Guinea,5435
72406240,7240,ESP,Spain,6240,GNB,Guinea-Bissau,595266
72403320,7240,ESP,Spain,3320,HTI,Haiti,690543
72403400,7240,ESP,Spain,3400,HND,Honduras,216263
72403560,7240,ESP,Spain,3560,IND,India,1179436
72404000,7240,ESP,Spain,4000,JOR,Jordan,176579
72404040,7240,ESP,Spain,4040,KEN,Kenya,53468
72404220,7240,ESP,Spain,4220,LBN,Lebanon,389101
72404500,7240,ESP,Spain,4500,MDG,Madagascar,43800
72404540,7240,ESP,Spain,4540,MWI,Malawi,40949
72404660,7240,ESP,Spain,4660,MLI,Mali,504341
72404780,7240,ESP,Spain,4780,MRT,Mauritania,513287
72404840,7240,ESP,Spain,4840,MEX,Mexico,164895
72404960,7240,ESP,Spain,4960,MNG,Mongolia,964
72405040,7240,ESP,Spain,5040,MAR,Morocco,5707704
72405080,7240,ESP,Spain,5080,MOZ,Mozambique,1353216
72401040,7240,ESP,Spain,1040,MMR,Myanmar,848
72405240,7240,ESP,Spain,5240,NPL,Nepal,16491
72405580,7240,ESP,Spain,5580,NIC,Nicaragua,1082320
72405860,7240,ESP,Spain,5860,PAK,Pakistan,7384
72405900,7240,ESP,Spain,5900,PAN,Panama,41805
72406000,7240,ESP,Spain,6000,PRY,Paraguay,67301
72406040,7240,ESP,Spain,6040,PER,Peru,1088954
72406080,7240,ESP,Spain,6080,PHL,Philippines,341583
72406460,7240,ESP,Spain,6460,RWA,Rwanda,54456
72406860,7240,ESP,Spain,6860,SEN,Senegal,757561
72406880,7240,ESP,Spain,6880,SRB,Serbia,304794
72406940,7240,ESP,Spain,6940,SLE,Sierra Leone,77029
72407280,7240,ESP,Spain,7280,SSD,South Sudan,43702
72407340,7240,ESP,Spain,7340,LKA,Sri Lanka,14101
72407290,7240,ESP,Spain,7290,SDN,Sudan,593921
72407600,7240,ESP,Spain,7600,SYR,Syrian Arab Republic,201241
72406260,7240,ESP,Spain,6260,TLS,Timor-Leste,595
72407680,7240,ESP,Spain,7680,TGO,Togo,76706
72407880,7240,ESP,Spain,7880,TUN,Tunisia,155668
72407920,7240,ESP,Spain,7920,TUR,Turkey,502810
72408000,7240,ESP,Spain,8000,UGA,Uganda,19996
72407620,7240,ESP,Spain,7620,TZA,United Republic of Tanzania,33897
72408580,7240,ESP,Spain,8580,URY,Uruguay,23215
72405480,7240,ESP,Spain,5480,VUT,Vanuatu,12495
72408620,7240,ESP,Spain,8620,VEN,Venezuela,19618
72408940,7240,ESP,Spain,8940,ZMB,Zambia,10654
72407160,7240,ESP,Spain,7160,ZWE,Zimbabwe,10978
752040,7520,SWE,Sweden,40,AFG,Afghanistan,23290808
7520500,7520,SWE,Sweden,500,BGD,Bangladesh,9447844
7520680,7520,SWE,Sweden,680,BOL,Bolivia,2259517
7520720,7520,SWE,Sweden,720,BWA,Botswana,143245
75208540,7520,SWE,Sweden,8540,BFA,Burkina Faso,796289
75204060,7520,SWE,Sweden,4060,KHM,Cambodia,5053104
75202300,7520,SWE,Sweden,2300,ETH,Ethiopia,1555399
75202720,7520,SWE,Sweden,2720,GEO,Georgia,195756
75203560,7520,SWE,Sweden,3560,IND,India,228471
75204300,7520,SWE,Sweden,4300,LBR,Liberia,1094756
75205080,7520,SWE,Sweden,5080,MOZ,Mozambique,4817355
75205160,7520,SWE,Sweden,5160,NAM,Namibia,18467
75206460,7520,SWE,Sweden,6460,RWA,Rwanda,27044
75206860,7520,SWE,Sweden,6860,SEN,Senegal,14030
75207100,7520,SWE,Sweden,7100,ZAF,South Africa,206446
75207290,7520,SWE,Sweden,7290,SDN,Sudan,65427
75208000,7520,SWE,Sweden,8000,UGA,Uganda,1067
75207620,7520,SWE,Sweden,7620,TZA,United Republic of Tanzania,6786976
756040,7560,CHE,Switzerland,40,AFG,Afghanistan,1732163
756080,7560,CHE,Switzerland,80,ALB,Albania,110274
7560500,7560,CHE,Switzerland,500,BGD,Bangladesh,1919539
75602040,7560,CHE,Switzerland,2040,BEN,Benin,2207064
7560570,7560,CHE,Switzerland,570,BIH,Bosnia and Herzegovina,66667
75608540,7560,CHE,Switzerland,8540,BFA,Burkina Faso,3427590
75601480,7560,CHE,Switzerland,1480,TCD,Chad,1169101
75604090,7560,CHE,Switzerland,4090,PRK,Democratic People's Republic of Korea,3986
75608920,7560,CHE,Switzerland,8920,COD,Democratic Republic of the Congo,3901
75602200,7560,CHE,Switzerland,2200,EGY,Egypt,50944
75602880,7560,CHE,Switzerland,2880,GHA,Ghana,1137809
75603320,7560,CHE,Switzerland,3320,HTI,Haiti,1589732
75604000,7560,CHE,Switzerland,4000,JOR,Jordan,269437
75604220,7560,CHE,Switzerland,4220,LBN,Lebanon,674887
75604660,7560,CHE,Switzerland,4660,MLI,Mali,3070449
75604960,7560,CHE,Switzerland,4960,MNG,Mongolia,6472
75605080,7560,CHE,Switzerland,5080,MOZ,Mozambique,818281
75601040,7560,CHE,Switzerland,1040,MMR,Myanmar,1126185
75605620,7560,CHE,Switzerland,5620,NER,Niger,3516111
75606460,7560,CHE,Switzerland,6460,RWA,Rwanda,16000
75606880,7560,CHE,Switzerland,6880,SRB,Serbia,1171589
75607880,7560,CHE,Switzerland,7880,TUN,Tunisia,35404
75607620,7560,CHE,Switzerland,7620,TZA,United Republic of Tanzania,62894
75608680,7560,CHE,Switzerland,8680,VNM,Viet Nam,431593
812040,8120,ARE,United Arab Emirates,40,AFG,Afghanistan,51362
812080,8120,ARE,United Arab Emirates,80,ALB,Albania,6806
81202040,8120,ARE,United Arab Emirates,2040,BEN,Benin,137970
8120570,8120,ARE,United Arab Emirates,570,BIH,Bosnia and Herzegovina,5445
81208540,8120,ARE,United Arab Emirates,8540,BFA,Burkina Faso,87996
81201200,8120,ARE,United Arab Emirates,1200,CMR,Cameroon,79828
81201400,8120,ARE,United Arab Emirates,1400,CAF,Central African Republic,70399
81201480,8120,ARE,United Arab Emirates,1480,TCD,Chad,257354
81201740,8120,ARE,United Arab Emirates,1740,COM,Comoros,121269
81201780,8120,ARE,United Arab Emirates,1780,COG,Congo,152525
81202620,8120,ARE,United Arab Emirates,2620,DJI,Djibouti,350000
81202200,8120,ARE,United Arab Emirates,2200,EGY,Egypt,167900000
81202270,8120,ARE,United Arab Emirates,2270,ERI,Eritrea,2500000
81202420,8120,ARE,United Arab Emirates,2420,FJI,Fiji,6806
81202660,8120,ARE,United Arab Emirates,2660,GAB,Gabon,1808
81202700,8120,ARE,United Arab Emirates,2700,GMB,Gambia,53586
81202880,8120,ARE,United Arab Emirates,2880,GHA,Ghana,74245
81203600,8120,ARE,United Arab Emirates,3600,IDN,Indonesia,1634
81203680,8120,ARE,United Arab Emirates,3680,IRQ,Iraq,283147
81204020,8120,ARE,United Arab Emirates,4020,KAZ,Kazakhstan,273309
81204040,8120,ARE,United Arab Emirates,4040,KEN,Kenya,405481
81204220,8120,ARE,United Arab Emirates,4220,LBN,Lebanon,3256
81204580,8120,ARE,United Arab Emirates,4580,MYS,Malaysia,99112
81204620,8120,ARE,United Arab Emirates,4620,MDV,Maldives,6806
81204660,8120,ARE,United Arab Emirates,4660,MLI,Mali,18228
81204780,8120,ARE,United Arab Emirates,4780,MRT,Mauritania,1251
81204990,8120,ARE,United Arab Emirates,4990,MNE,Montenegro,87500
81205080,8120,ARE,United Arab Emirates,5080,MOZ,Mozambique,176512
81205620,8120,ARE,United Arab Emirates,5620,NER,Niger,157043
81205660,8120,ARE,United Arab Emirates,5660,NGA,Nigeria,446435
81205860,8120,ARE,United Arab Emirates,5860,PAK,Pakistan,4186891
81206460,8120,ARE,United Arab Emirates,6460,RWA,Rwanda,222107
81206860,8120,ARE,United Arab Emirates,6860,SEN,Senegal,85580
81206900,8120,ARE,United Arab Emirates,6900,SYC,Seychelles,6806
81207060,8120,ARE,United Arab Emirates,7060,SOM,Somalia,533898
81207100,8120,ARE,United Arab Emirates,7100,ZAF,South Africa,161463
81207280,8120,ARE,United Arab Emirates,7280,SSD,South Sudan,130873
81207340,8120,ARE,United Arab Emirates,7340,LKA,Sri Lanka,2323
81207290,8120,ARE,United Arab Emirates,7290,SDN,Sudan,465502
81207610,8120,ARE,United Arab Emirates,7610,TJK,Tajikistan,37052
81207680,8120,ARE,United Arab Emirates,7680,TGO,Togo,205435
81207880,8120,ARE,United Arab Emirates,7880,TUN,Tunisia,93929
81208000,8120,ARE,United Arab Emirates,8000,UGA,Uganda,108769
81207620,8120,ARE,United Arab Emirates,7620,TZA,United Republic of Tanzania,114081
81208850,8120,ARE,United Arab Emirates,8850,YEM,Yemen,49755
826040,8260,GBR,United Kingdom of Great Britain and Northern Ireland,40,AFG,Afghanistan,36653434
826080,8260,GBR,United Kingdom of Great Britain and Northern Ireland,80,ALB,Albania,141137
8260120,8260,GBR,United Kingdom of Great Britain and Northern Ireland,120,DZA,Algeria,659563
8260260,8260,GBR,United Kingdom of Great Britain and Northern Ireland,260,AIA,Anguilla,2208
8260320,8260,GBR,United Kingdom of Great Britain and Northern Ireland,320,ARG,Argentina,641155
8260340,8260,GBR,United Kingdom of Great Britain and Northern Ireland,340,ARM,Armenia,129873
8260380,8260,GBR,United Kingdom of Great Britain and Northern Ireland,380,AZE,Azerbaijan,586979
8260500,8260,GBR,United Kingdom of Great Britain and Northern Ireland,500,BGD,Bangladesh,34454986
82608050,8260,GBR,United Kingdom of Great Britain and Northern Ireland,8050,BLR,Belarus,902
8260580,8260,GBR,United Kingdom of Great Britain and Northern Ireland,580,BLZ,Belize,1914
8260570,8260,GBR,United Kingdom of Great Britain and Northern Ireland,570,BIH,Bosnia and Herzegovina,185006
8260720,8260,GBR,United Kingdom of Great Britain and Northern Ireland,720,BWA,Botswana,217828
8260760,8260,GBR,United Kingdom of Great Britain and Northern Ireland,760,BRA,Brazil,2438749
82601080,8260,GBR,United Kingdom of Great Britain and Northern Ireland,1080,BDI,Burundi,91868
82604060,8260,GBR,United Kingdom of Great Britain and Northern Ireland,4060,KHM,Cambodia,2367
82601200,8260,GBR,United Kingdom of Great Britain and Northern Ireland,1200,CMR,Cameroon,41237
82601520,8260,GBR,United Kingdom of Great Britain and Northern Ireland,1520,CHL,Chile,266728
82601560,8260,GBR,United Kingdom of Great Britain and Northern Ireland,1560,CHN,China,3301424
82601700,8260,GBR,United Kingdom of Great Britain and Northern Ireland,1700,COL,Colombia,1176321
82601880,8260,GBR,United Kingdom of Great Britain and Northern Ireland,1880,CRI,Costa Rica,2219
82603840,8260,GBR,United Kingdom of Great Britain and Northern Ireland,3840,CIV,Côte d'Ivoire,6840
82601920,8260,GBR,United Kingdom of Great Britain and Northern Ireland,1920,CUB,Cuba,97930
82604090,8260,GBR,United Kingdom of Great Britain and Northern Ireland,4090,PRK,Democratic People's Republic of Korea,99463
82608920,8260,GBR,United Kingdom of Great Britain and Northern Ireland,8920,COD,Democratic Republic of the Congo,339879
82602620,8260,GBR,United Kingdom of Great Britain and Northern Ireland,2620,DJI,Djibouti,3090
82602120,8260,GBR,United Kingdom of Great Britain and Northern Ireland,2120,DMA,Dominica,3850
82602140,8260,GBR,United Kingdom of Great Britain and Northern Ireland,2140,DOM,Dominican Republic,4456
82602180,8260,GBR,United Kingdom of Great Britain and Northern Ireland,2180,ECU,Ecuador,27074
82602200,8260,GBR,United Kingdom of Great Britain and Northern Ireland,2200,EGY,Egypt,1723166
82602270,8260,GBR,United Kingdom of Great Britain and Northern Ireland,2270,ERI,Eritrea,22702
82602300,8260,GBR,United Kingdom of Great Britain and Northern Ireland,2300,ETH,Ethiopia,72671501
82602700,8260,GBR,United Kingdom of Great Britain and Northern Ireland,2700,GMB,Gambia,773
82602720,8260,GBR,United Kingdom of Great Britain and Northern Ireland,2720,GEO,Georgia,307181
82602880,8260,GBR,United Kingdom of Great Britain and Northern Ireland,2880,GHA,Ghana,36690185
82603200,8260,GBR,United Kingdom of Great Britain and Northern Ireland,3200,GTM,Guatemala,3909
82603280,8260,GBR,United Kingdom of Great Britain and Northern Ireland,3280,GUY,Guyana,12360
82603320,8260,GBR,United Kingdom of Great Britain and Northern Ireland,3320,HTI,Haiti,695
82603560,8260,GBR,United Kingdom of Great Britain and Northern Ireland,3560,IND,India,46090812
82603600,8260,GBR,United Kingdom of Great Britain and Northern Ireland,3600,IDN,Indonesia,1451529
82603640,8260,GBR,United Kingdom of Great Britain and Northern Ireland,3640,IRN,Iran (Islamic Republic of),209984
82603680,8260,GBR,United Kingdom of Great Britain and Northern Ireland,3680,IRQ,Iraq,1183837
82603880,8260,GBR,United Kingdom of Great Britain and Northern Ireland,3880,JAM,Jamaica,30127
82604000,8260,GBR,United Kingdom of Great Britain and Northern Ireland,4000,JOR,Jordan,666575
82604020,8260,GBR,United Kingdom of Great Britain and Northern Ireland,4020,KAZ,Kazakhstan,816542
82604040,8260,GBR,United Kingdom of Great Britain and Northern Ireland,4040,KEN,Kenya,12337248
82604220,8260,GBR,United Kingdom of Great Britain and Northern Ireland,4220,LBN,Lebanon,820847
82604260,8260,GBR,United Kingdom of Great Britain and Northern Ireland,4260,LSO,Lesotho,103884
82604340,8260,GBR,United Kingdom of Great Britain and Northern Ireland,4340,LBY,Libya,1085058
82604540,8260,GBR,United Kingdom of Great Britain and Northern Ireland,4540,MWI,Malawi,21367144
82604580,8260,GBR,United Kingdom of Great Britain and Northern Ireland,4580,MYS,Malaysia,802967
82604800,8260,GBR,United Kingdom of Great Britain and Northern Ireland,4800,MUS,Mauritius,330682
82604840,8260,GBR,United Kingdom of Great Britain and Northern Ireland,4840,MEX,Mexico,1096162
82605000,8260,GBR,United Kingdom of Great Britain and Northern Ireland,5000,MSR,Montserrat,637388
82605040,8260,GBR,United Kingdom of Great Britain and Northern Ireland,5040,MAR,Morocco,503755
82605080,8260,GBR,United Kingdom of Great Britain and Northern Ireland,5080,MOZ,Mozambique,10497932
82601040,8260,GBR,United Kingdom of Great Britain and Northern Ireland,1040,MMR,Myanmar,6796204
82605160,8260,GBR,United Kingdom of Great Britain and Northern Ireland,5160,NAM,Namibia,192679
82605240,8260,GBR,United Kingdom of Great Britain and Northern Ireland,5240,NPL,Nepal,5562304
82605580,8260,GBR,United Kingdom of Great Britain and Northern Ireland,5580,NIC,Nicaragua,1304
82605620,8260,GBR,United Kingdom of Great Britain and Northern Ireland,5620,NER,Niger,12905
82605660,8260,GBR,United Kingdom of Great Britain and Northern Ireland,5660,NGA,Nigeria,34548654
82605860,8260,GBR,United Kingdom of Great Britain and Northern Ireland,5860,PAK,Pakistan,71705505
82605900,8260,GBR,United Kingdom of Great Britain and Northern Ireland,5900,PAN,Panama,3869
82605980,8260,GBR,United Kingdom of Great Britain and Northern Ireland,5980,PNG,Papua New Guinea,2736
82606040,8260,GBR,United Kingdom of Great Britain and Northern Ireland,6040,PER,Peru,8679
82606080,8260,GBR,United Kingdom of Great Britain and Northern Ireland,6080,PHL,Philippines,219185
82606220,8260,GBR,United Kingdom of Great Britain and Northern Ireland,6220,MDA,Republic of Moldova,298
82606460,8260,GBR,United Kingdom of Great Britain and Northern Ireland,6460,RWA,Rwanda,25692708
82606540,8260,GBR,United Kingdom of Great Britain and Northern Ireland,6540,SHN,Saint Helena,1173
82606560,8260,GBR,United Kingdom of Great Britain and Northern Ireland,6560,KNA,Saint Kitts and Nevis,4399
82606700,8260,GBR,United Kingdom of Great Britain and Northern Ireland,6700,VCT,Saint Vincent and the Grenadines,13290
82606860,8260,GBR,United Kingdom of Great Britain and Northern Ireland,6860,SEN,Senegal,654930
82606880,8260,GBR,United Kingdom of Great Britain and Northern Ireland,6880,SRB,Serbia,578961
82606940,8260,GBR,United Kingdom of Great Britain and Northern Ireland,6940,SLE,Sierra Leone,7220416
8260900,8260,GBR,United Kingdom of Great Britain and Northern Ireland,900,SLB,Solomon Islands,4400
82607060,8260,GBR,United Kingdom of Great Britain and Northern Ireland,7060,SOM,Somalia,45468
82607100,8260,GBR,United Kingdom of Great Britain and Northern Ireland,7100,ZAF,South Africa,1758552
82607280,8260,GBR,United Kingdom of Great Britain and Northern Ireland,7280,SSD,South Sudan,16934314
82607340,8260,GBR,United Kingdom of Great Britain and Northern Ireland,7340,LKA,Sri Lanka,461592
82607290,8260,GBR,United Kingdom of Great Britain and Northern Ireland,7290,SDN,Sudan,433820
82607600,8260,GBR,United Kingdom of Great Britain and Northern Ireland,7600,SYR,Syrian Arab Republic,214302
82607610,8260,GBR,United Kingdom of Great Britain and Northern Ireland,7610,TJK,Tajikistan,4954
82607640,8260,GBR,United Kingdom of Great Britain and Northern Ireland,7640,THA,Thailand,920034
82604480,8260,GBR,United Kingdom of Great Britain and Northern Ireland,4480,MKD,The former Yugoslav Republic of Macedonia,135702
82607880,8260,GBR,United Kingdom of Great Britain and Northern Ireland,7880,TUN,Tunisia,523895
82607920,8260,GBR,United Kingdom of Great Britain and Northern Ireland,7920,TUR,Turkey,2267525
82608000,8260,GBR,United Kingdom of Great Britain and Northern Ireland,8000,UGA,Uganda,6374125
82608070,8260,GBR,United Kingdom of Great Britain and Northern Ireland,8070,UKR,Ukraine,523471
82607620,8260,GBR,United Kingdom of Great Britain and Northern Ireland,7620,TZA,United Republic of Tanzania,33317230
82608580,8260,GBR,United Kingdom of Great Britain and Northern Ireland,8580,URY,Uruguay,6302
82608600,8260,GBR,United Kingdom of Great Britain and Northern Ireland,8600,UZB,Uzbekistan,523752
82608620,8260,GBR,United Kingdom of Great Britain and Northern Ireland,8620,VEN,Venezuela,673767
82608680,8260,GBR,United Kingdom of Great Britain and Northern Ireland,8680,VNM,Viet Nam,3756980
82608850,8260,GBR,United Kingdom of Great Britain and Northern Ireland,8850,YEM,Yemen,307555
82608940,8260,GBR,United Kingdom of Great Britain and Northern Ireland,8940,ZMB,Zambia,3678554
82607160,8260,GBR,United Kingdom of Great Britain and Northern Ireland,7160,ZWE,Zimbabwe,30712130
840040,8400,USA,United States,40,AFG,Afghanistan,44338390
840080,8400,USA,United States,80,ALB,Albania,1471805
8400120,8400,USA,United States,120,DZA,Algeria,8896
8400240,8400,USA,United States,240,AGO,Angola,1319991
8400260,8400,USA,United States,260,AIA,Anguilla,474777
8400320,8400,USA,United States,320,ARG,Argentina,33072
8400340,8400,USA,United States,340,ARM,Armenia,5619203
8400380,8400,USA,United States,380,AZE,Azerbaijan,1483339
8400500,8400,USA,United States,500,BGD,Bangladesh,32378788
8400580,8400,USA,United States,580,BLZ,Belize,853229
84002040,8400,USA,United States,2040,BEN,Benin,11477251
8400680,8400,USA,United States,680,BOL,Bolivia,227157
8400570,8400,USA,United States,570,BIH,Bosnia and Herzegovina,211753
8400760,8400,USA,United States,760,BRA,Brazil,33855
84008540,8400,USA,United States,8540,BFA,Burkina Faso,15077622
84001080,8400,USA,United States,1080,BDI,Burundi,2761308
84001320,8400,USA,United States,1320,CPV,Cabo Verde,622448
84004060,8400,USA,United States,4060,KHM,Cambodia,1373857
84001200,8400,USA,United States,1200,CMR,Cameroon,1356992
84001400,8400,USA,United States,1400,CAF,Central African Republic,1497093
84001480,8400,USA,United States,1480,TCD,Chad,23429
84001520,8400,USA,United States,1520,CHL,Chile,59527
84001560,8400,USA,United States,1560,CHN,China,2136691
84001700,8400,USA,United States,1700,COL,Colombia,1473402
84001740,8400,USA,United States,1740,COM,Comoros,718818
84001880,8400,USA,United States,1880,CRI,Costa Rica,1841289
84003840,8400,USA,United States,3840,CIV,Côte d'Ivoire,24652680
84008920,8400,USA,United States,8920,COD,Democratic Republic of the Congo,14329990
84002620,8400,USA,United States,2620,DJI,Djibouti,3580861
84002120,8400,USA,United States,2120,DMA,Dominica,496881
84002140,8400,USA,United States,2140,DOM,Dominican Republic,9340468
84002180,8400,USA,United States,2180,ECU,Ecuador,1368388
84002200,8400,USA,United States,2200,EGY,Egypt,17583760
84002220,8400,USA,United States,2220,SLV,El Salvador,5799863
84002270,8400,USA,United States,2270,ERI,Eritrea,6437
84002300,8400,USA,United States,2300,ETH,Ethiopia,31309310
84002420,8400,USA,United States,2420,FJI,Fiji,62589
84002660,8400,USA,United States,2660,GAB,Gabon,270000
84002700,8400,USA,United States,2700,GMB,Gambia,1593664
84002720,8400,USA,United States,2720,GEO,Georgia,3959833
84002880,8400,USA,United States,2880,GHA,Ghana,34418980
84003200,8400,USA,United States,3200,GTM,Guatemala,6224730
84003240,8400,USA,United States,3240,GIN,Guinea,6351966
84006240,8400,USA,United States,6240,GNB,Guinea-Bissau,6452
84003280,8400,USA,United States,3280,GUY,Guyana,1123137
84003320,8400,USA,United States,3320,HTI,Haiti,5195890
84003400,8400,USA,United States,3400,HND,Honduras,8778795
84003560,8400,USA,United States,3560,IND,India,526923
84003600,8400,USA,United States,3600,IDN,Indonesia,17816186
84003680,8400,USA,United States,3680,IRQ,Iraq,3081259
84003880,8400,USA,United States,3880,JAM,Jamaica,5244712
84004000,8400,USA,United States,4000,JOR,Jordan,50640070
84004040,8400,USA,United States,4040,KEN,Kenya,32705902
84004160,8400,USA,United States,4160,KGZ,Kyrgyzstan,4478601
84004180,8400,USA,United States,4180,LAO,Lao People's Democratic Republic,427964
84004220,8400,USA,United States,4220,LBN,Lebanon,18109067
84004260,8400,USA,United States,4260,LSO,Lesotho,5386082
84004300,8400,USA,United States,4300,LBR,Liberia,24979177
84004500,8400,USA,United States,4500,MDG,Madagascar,711440
84004540,8400,USA,United States,4540,MWI,Malawi,18991808
84004660,8400,USA,United States,4660,MLI,Mali,20720998
84005840,8400,USA,United States,5840,MHL,Marshall Islands,14831791
84004780,8400,USA,United States,4780,MRT,Mauritania,4038905
84004800,8400,USA,United States,4800,MUS,Mauritius,5400636
84004840,8400,USA,United States,4840,MEX,Mexico,162003
84004845,8400,USA,United States,4845,FSM,Micronesia,28244516
84004960,8400,USA,United States,4960,MNG,Mongolia,5903587
84005000,8400,USA,United States,5000,MSR,Montserrat,641860
84005040,8400,USA,United States,5040,MAR,Morocco,8065474
84005080,8400,USA,United States,5080,MOZ,Mozambique,14267752
84001040,8400,USA,United States,1040,MMR,Myanmar,2232158
84005160,8400,USA,United States,5160,NAM,Namibia,17320268
84005240,8400,USA,United States,5240,NPL,Nepal,217190
84005580,8400,USA,United States,5580,NIC,Nicaragua,1935453
84005620,8400,USA,United States,5620,NER,Niger,8191073
84005660,8400,USA,United States,5660,NGA,Nigeria,10123089
84005860,8400,USA,United States,5860,PAK,Pakistan,44801362
8400955,8400,USA,United States,955,PLW,Palau,665475
84005900,8400,USA,United States,5900,PAN,Panama,1199603
84006000,8400,USA,United States,6000,PRY,Paraguay,448457
84006040,8400,USA,United States,6040,PER,Peru,4355069
84006080,8400,USA,United States,6080,PHL,Philippines,7646400
84006220,8400,USA,United States,6220,MDA,Republic of Moldova,4936517
84006460,8400,USA,United States,6460,RWA,Rwanda,12190044
84006560,8400,USA,United States,6560,KNA,Saint Kitts and Nevis,1263707
84006620,8400,USA,United States,6620,LCA,Saint Lucia,199926
84008820,8400,USA,United States,8820,WSM,Samoa,1131982
84006780,8400,USA,United States,6780,STP,Sao Tome and Principe,84576
84006860,8400,USA,United States,6860,SEN,Senegal,16575442
84006880,8400,USA,United States,6880,SRB,Serbia,15033
84006900,8400,USA,United States,6900,SYC,Seychelles,223811
84006940,8400,USA,United States,6940,SLE,Sierra Leone,4661073
8400900,8400,USA,United States,900,SLB,Solomon Islands,102040
84007060,8400,USA,United States,7060,SOM,Somalia,4337905
84007100,8400,USA,United States,7100,ZAF,South Africa,10007428
84007280,8400,USA,United States,7280,SSD,South Sudan,15663826
84007340,8400,USA,United States,7340,LKA,Sri Lanka,112500
84007400,8400,USA,United States,7400,SUR,Suriname,96405
84007480,8400,USA,United States,7480,SWZ,Swaziland,778480
84007610,8400,USA,United States,7610,TJK,Tajikistan,3071092
84007640,8400,USA,United States,7640,THA,Thailand,1703328
84004480,8400,USA,United States,4480,MKD,The former Yugoslav Republic of Macedonia,2240146
84006260,8400,USA,United States,6260,TLS,Timor-Leste,103250
84007680,8400,USA,United States,7680,TGO,Togo,1748833
84007760,8400,USA,United States,7760,TON,Tonga,870377
84007880,8400,USA,United States,7880,TUN,Tunisia,5723977
84007940,8400,USA,United States,7940,TKM,Turkmenistan,506708
84008000,8400,USA,United States,8000,UGA,Uganda,9341271
84008070,8400,USA,United States,8070,UKR,Ukraine,4389954
84007620,8400,USA,United States,7620,TZA,United Republic of Tanzania,36618198
84005480,8400,USA,United States,5480,VUT,Vanuatu,1117549
84008680,8400,USA,United States,8680,VNM,Viet Nam,694211
84008850,8400,USA,United States,8850,YEM,Yemen,17601990
84008940,8400,USA,United States,8940,ZMB,Zambia,11923844
84007160,8400,USA,United States,7160,ZWE,Zimbabwe,20250
